yontem,sayfa_id,sayfa_basligi,parca_sira,parca_basligi,token_sayisi,karakter_sayisi,icerik
mevcut,1,Veritabani Temelleri,0,Giris,18,67,"Bu notta PostgreSQL kullanarak veritabani tasarimi anlatilacaktir.
"
mevcut,1,Veritabani Temelleri,1,Normalizasyon,32,107,"Normalizasyon, veri tekrarini onlemek icin kullanilir. 1NF, her sutunun atomik deger icermesini gerektirir."
mevcut,22,Proje Durum Raporu,0,Genel Durum,31,91,"Proje %65 tamamlandı, planlanan teslim tarihi 15 Eylül. Şu an bir hafta gecikme riski var.
"
mevcut,22,Proje Durum Raporu,1,Tamamlanan Modüller,22,79,"Kullanıcı girişi, profil yönetimi, bildirim sistemi tamamlandı ve test edildi.
"
mevcut,22,Proje Durum Raporu,2,Devam Eden İşler,27,85,"Ödeme entegrasyonu üçüncü parti API'nin dokümantasyon eksikliği nedeniyle yavaşladı.
"
mevcut,22,Proje Durum Raporu,3,Riskler,24,90,Ödeme sağlayıcısıyla teknik destek görüşmesi henüz planlanmadı - bu gecikmeyi büyütebilir.
mevcut,26,Final Sınav Takvimi,0,Hafta 1 (12-16 Ocak),23,55,12 Ocak Pazartesi 09:00 - Veritabanı Yönetim Sistemleri
mevcut,26,Final Sınav Takvimi,1,Hafta 1 (12-16 Ocak),16,32,13 Ocak Salı 14:00 - Calculus II
mevcut,26,Final Sınav Takvimi,2,Hafta 1 (12-16 Ocak),20,44,15 Ocak Perşembe 09:00 - Elektronik Devreler
mevcut,26,Final Sınav Takvimi,3,Hafta 2 (19-23 Ocak),18,44,19 Ocak Pazartesi 09:00 - Sistem Programlama
mevcut,26,Final Sınav Takvimi,4,Hafta 2 (19-23 Ocak),21,45,21 Ocak Çarşamba 14:00 - Asenkron Programlama
mevcut,26,Final Sınav Takvimi,5,Notlar,39,116,Sınav yerleri sınavdan 3 gün önce ilan edilecek. Mazeret sınavı talepleri için dekanlığa başvuru son tarihi 26 Ocak.
mevcut,27,yapılacaklar listesi,0,Bu Hafta,14,49,[ ] Sprint planlama toplantısı için sunum hazırla
mevcut,27,yapılacaklar listesi,1,Bu Hafta,15,33,[ ] Zeynep'in PR'ını gözden geçir
mevcut,27,yapılacaklar listesi,2,Bu Hafta,19,52,[ ] Müşteriyle ödeme entegrasyonu görüşmesini planla
mevcut,27,yapılacaklar listesi,3,Bu Hafta,16,43,[ ] Q3 bütçe raporunu finans ekibine gönder
mevcut,27,yapılacaklar listesi,4,Bu Hafta,17,49,[ ] Yeni işe alım için mülakat sorularını hazırla
mevcut,30,ATLAS-Edge-AI-Tabanli-Otonom-Lazer-Yabani-Ot-Imha-Robotu (6).pdf,0,Giris,1786,6522,"ATLAS: Edge AI Tabanlı Otonom Lazer Yabani Ot İmha Robotu 

ATLAS Projesi, tarımda yaygın olarak kullanılan kimyasal herbisitlere alternatif olarak geliştirilmiş, yapay zeka destekli otonom bir robotik sistemdir. Sistem, sahada internet bağlantısına ihtiyaç duymadan çalışabilen uç bilişim (Edge AI) mimarisi üzerine kuruludur. Amaç, mahsul ve yabani ot ayrımını gerçek zamanlı yaparak yabani otları kök boğazından noktasal şekilde imha etmektir. 

Problem Tanımı 

Kimyasal herbisitler kısa vadede etkili olsa da uzun vadede toprağın yapısını bozmakta, yeraltı sularına karışmakta ve ürünlerde kalıntı riski oluşturmaktadır. Mekanik çözümler ise yüksek iş gücü gereksinimi ve düşük hassasiyet nedeniyle verim kaybına yol açabilmektedir. Bu durum, çevre dostu, hassas ve otomatik çözümlere olan ihtiyacı artırmaktadır. 

ATLAS'ın temel hedefi, tarım alanlarında yabani otları mahsule zarar vermeden, kimyasal kullanmadan ve insan müdahalesine gerek kalmadan ortadan kaldırmaktır. Bu amaçla sistem, bitkileri sadece ""nesne"" olarak değil, şekil ve konum bilgileriyle birlikte algılar. Nihai hedef, yüksek doğruluklu algılama ve güvenli imha süreçlerini bir araya getirmektir. 

Görüntü Alımı Kameradan görüntü yakalama 

AI Analizi Derin öğrenme ile tespit 

Hedefleme İmha Geometrik bilgi işleme Lazer ile noktasal müdahale 

Sistem, kameradan alınan görüntünün derin öğrenme modeliyle analiz edilmesiyle başlar. Tespit edilen yabani otun geometrik bilgileri işlenerek hedef noktası belirlenir. Bu bilgi, robotun lazer taretine aktarılırken aynı anda navigasyon ve güvenlik modülleriyle senkronize şekilde çalışır. 

Yabani otlar düzensiz geometrilere sahip olduğu için klasik bounding box tabanlı yaklaşımlar yeterli hassasiyet sunmamaktadır. ATLAS'ta kullanılan YOLOv8n-seg modeli, bitkilerin piksel tabanlı maskesini çıkararak gerçek şekillerini analiz eder. Bu sayede hedefleme işlemi çok daha hassas yapılabilir. Veri Seti ve Eğitim Stratejisi 

**Transfer Learning ve Fine-Tune Yaklaşımı:** Model eğitimi sırasında açık kaynak tarım veri setleri temel alınmıştır. Ardından, projenin test edildiği yerel tarla koşullarına ait sınırlı sayıda görüntüyle fine-tune işlemi uygulanmıştır. Bu yöntem, modeli çevresel koşullara karşı daha dayanıklı hale getirmiştir. 

Özgün Hedefleme Algoritması Crown (Kök Boğazı) Noktası Tespiti 

01 02 Segmentasyon Maskesi Alt Bölge Analizi Bitki maskesi elde edilir Kök boğazı bölgesi belirlenir 03 04 Ağırlık Merkezi Hedef Koordinat Geometrik merkez hesaplanır Lazer yönlendirme noktası Segmentasyon sonucunda elde edilen bitki maskesi analiz edilerek kök boğazına karşılık gelen alt bölge belirlenir. Bu bölgenin geometrik ağırlık merkezi hesaplanarak lazerin yönlendirileceği hedef koordinat elde edilir. Böylece yapraklara değil, bitkinin yaşamsal merkezine odaklanılır. 

Nesne Takibi 

Robot hareket halindeyken aynı yabani ota birden fazla kez atış yapılmaması için ByteTrack tabanlı takip algoritması kullanılmıştır. Her yabani ota benzersiz bir kimlik atanır ve vurulan otlar sistem belleğinde tutulur. Bu yaklaşım enerji ve zaman verimliliği sağlar. 

Benzersiz ID Her ot için kimlik Bellek Yönetimi Vurulan otlar kaydedilir 

Gerçek Zamanlılık ve Gecikme Telafisi Hareket Halinde Hassasiyet Görüntü işleme ile lazer ateşi arasında oluşabilecek gecikmeler hedef şaşmasına neden olabilir. Bu nedenle robotun anlık hızı ve işlem süresi hesaba katılarak hedefin gelecekteki konumu tahmin edilir. Lazer bu tahmini noktaya yönlendirilir. 

Raspberry Pi 5 

Ana kontrol birimi ve sistem koordinasyonu 

Hailo-8L NPU Edge Computing 13 TOPS yapay zeka işlem gücü İnternet bağlantısı gerektirmez 

ATLAS'ın ana kontrol birimi Raspberry Pi 5'tir ve sistemdeki yapay zeka yükü Hailo-8L NPU (13 TOPS) üzerine aktarılmıştır. Bu heterojen mimari sayesinde görüntü işleme CPU'yu meşgul etmez ve navigasyon, SLAM gibi görevler kesintisiz çalışabilir. Sistem, internet bağlantısına ihtiyaç duymadan sahada otonom şekilde görev yapabilir. 

**ROS 2 Altyapısı:** ATLAS'ın tüm yazılım altyapısı, modern robotik sistemlerde endüstri standardı haline gelmiş olan ROS 2 (Robot Operating System 2) üzerinde geliştirilmiştir. ROS 2, gerçek zamanlılığa daha uygun haberleşme altyapısı (DDS) ve dağıtık mimari desteği sayesinde otonom sistemler için yüksek güvenilirlik sunar. 

Sistem, görevlerine göre ayrılmış bağımsız düğümlerden (nodes) oluşur. Bu yaklaşım, yazılımın modülerliğini artırırken hata toleransını da yükseltir, herhangi bir alt sistemde oluşabilecek hata durumunda tüm sistemin çökmesini engeller. Örneğin görüntü işleme düğümü durduğunda, sürüş ve güvenlik düğümleri çalışmaya devam edebilir. 

ATLAS yazılımı üç ana katmanda organize edilmiştir: 

vision_node Kamera verisini alır, YOLOv8-seg modeli ile yabani otları tespit eder ve hedef koordinatları üretir. 

control_node Motor sürücülerini, servo taret sistemini ve lazeri kontrol eder. Güvenlik kilitleri bu düğüm üzerinden yönetilir. 

navigation_node SLAM, yol planlama ve hız kontrolünden sorumludur. 

Düğümler arası haberleşme, ROS 2 topic ve service yapıları üzerinden asenkron olarak gerçekleştirilir. Bu sayede sistem, gerçek zamanlı veri akışını gecikme olmadan sürdürebilir. 

ATLAS, bilinmeyen ortamlarda kendi konumunu belirleyebilmek ve harita oluşturabilmek için SLAM Toolbox kullanmaktadır. LIDAR sensöründen alınan verilerle 2 boyutlu doluluk haritası (occupancy grid) oluşturulur. 

Navigasyon için ROS 2 Nav2 yığını kullanılmaktadır. Global planner, robotun A noktasından B noktasına en uygun yolu hesaplar; local planner ise önüne çıkan anlık engellerden kaçınarak bu yolu dinamik şekilde günceller. Böylece robot hem planlı hem de güvenli şekilde hareket edebilir. 

Robotun genel çalışma mantığı bir durum makinesi (state machine) yaklaşımıyla kurgulanmıştır. Bu yapı, robotun hangi durumda hangi davranışı sergileyeceğini net şekilde tanımlar. 

Alan taraması 

Yabani Ot Algılama 

Hedef tespiti 

Güvenli Duruş Pozisyon sabitleme 

Hedefleme 

Lazer yönlendirme 

İmha 

Lazer ateşleme 

Göreve Devam 

Döngü tekrarı 

Bu yaklaşım, sahada öngörülebilir ve güvenli bir davranış sergilenmesini sağlar. 

ATLAS'ın elektronik altyapısı, tarla koşullarında kararlı çalışmayı hedefleyen bir güç dağıtım mimarisi üzerine kurulmuştur. Sistem, 3S LiPo batarya ile beslenmekte ve elektriksel gürültüyü minimize etmek için ayrı güç hatları kullanılmaktadır. 

Yüksek Akım Hattı Motorlar için güç kaynağı 

Lojik Hattı Raspberry Pi için regüle edilmiş, kararlı besleme 

Aktüatör Hattı Servo ve lazer için ayrı güç "
mevcut,30,ATLAS-Edge-AI-Tabanli-Otonom-Lazer-Yabani-Ot-Imha-Robotu (6).pdf,1,Giris,462,1647,"Bu ayrım, servo motorların oluşturduğu gürültünün işlemciyi etkilemesini önler. 

Motor sürüşü, yüksek akım kapasiteli sürücüler aracılığıyla diferansiyel sürüş mimarisiyle sağlanmaktadır. Bu yapı, robotun kendi ekseni etrafında dönebilmesine olanak tanır ve dar alanlarda yüksek manevra kabiliyeti sunar. 

Düşük seviye zaman hassas görevler (PWM üretimi, enkoder okuma, acil durdurma sinyalleri) yardımcı bir mikrodenetleyici tarafından yönetilir. Raspberry Pi ile seri haberleşme üzerinden koordineli çalışır. 

Hedef doğruluğu ve robot durma kontrolü 

Lazer sistemi yalnızca yazılımsal değil, donanımsal güvenlik önlemleriyle de kontrol altına alınmıştır. Lazer rölesi, yalnızca hedef doğruluğu yeterli seviyeye ulaştığında ve robot tamamen duruyorken aktifleşir. 

Lazer rölesi ile fiziksel güvenlik 

Buna ek olarak fiziksel acil durdurma (E-Stop) butonu, ana güç hattını keserek sistemin güvenli duruma geçmesini sağlar. Bu yaklaşım, saha kullanımı için kritik öneme sahiptir. 

Acil Durdurma 

E-Stop butonu ile ana güç kesimi 

Uç bilişim mimarisi sayesinde gerçek zamanlı, modüler ve ölçeklenebilir bir sistem sunar. Verimli işlem gücü ve hızlı karar alma yeteneği ile sahada üstün performans gösterir. 

Çevresel Sürdürülebilirlik 

Kimyasalsız yabani ot imha yaklaşımı, çevresel etkiyi azaltır ve hassas hedefleme ile mahsule zarar riskini minimize eder. Daha sağlıklı ve verimli tarım uygulamaları sağlar. 

Tarımda Uygulanabilirlik 

İleri seviye robotik ve yapay zekâ teknolojilerinin tarım sektörüne başarılı bir şekilde entegrasyonunu gösterir. Otonom çalışma kabiliyeti ile iş gücü maliyetlerini düşürür ve verimliliği artırır. "
mevcut,33,Butce Degerlendirme Toplantisi,0,Katilimcilar,18,48,"Finans ekibi, Ayse (PM), departman yoneticileri
"
mevcut,33,Butce Degerlendirme Toplantisi,1,Konusulanlar,46,143,"Q2 harcamalari planlanan butcenin %8 uzerinde gerceklesti. En buyuk sapma bulut altyapi maliyetlerinde - trafik artisi beklenenden fazla oldu.
"
mevcut,33,Butce Degerlendirme Toplantisi,2,Alinan Kararlar,17,55,Bulut maliyetleri icin ayri bir izleme paneli kurulacak
mevcut,33,Butce Degerlendirme Toplantisi,3,Alinan Kararlar,17,43,Q3 butcesi %10 marj ile yeniden planlanacak
mevcut,33,Butce Degerlendirme Toplantisi,4,Alinan Kararlar,23,66,"Aylik butce takip toplantisi baslatilacak, ilk toplantı 15 Agustos"
mevcut,34,Yeni Calisan Oryantasyon Sureci,0,Yeni Calisan Oryantasyon Sureci,29,92,"
Bu dokuman, yeni baslayan bir calisanin ilk haftasinda izlenmesi gereken adimlari anlatir.
"
mevcut,34,Yeni Calisan Oryantasyon Sureci,1,Ilk Gun,56,172,"Hesap erisimleri (e-posta, Slack, kod deposu) IK tarafindan onceden hazirlanmis olmali. Yeni calisan, takim liderinden proje mimarisi hakkinda kisa bir bilgilendirme alir.
"
mevcut,34,Yeni Calisan Oryantasyon Sureci,2,Ilk Hafta,60,192,"Gelistirme ortami kurulumu tamamlanir, kucuk bir warm-up gorev atanir (gercek bir hata veya kucuk bir ozellik). Mentor atamasi yapilir - ilk ay boyunca gunluk kisa senkron gorusmeler yapilir.
"
mevcut,34,Yeni Calisan Oryantasyon Sureci,3,Degerlendirme,41,131,"30 gunun sonunda, yoneticiyle bire bir bir degerlendirme gorusmesi yapilir - surecin nasil gittigi, zorlanilan noktalar konusulur.
"
mevcut,37,YZTA Bootcamp 2026 (2).pdf,0,Giris,1772,6726,"
**5 . A K A D E M İ D Ö N E M İ** 

**Akademi’de edindiğiniz bilgi ve becerileri gerçek bir projede hayata geçirmeye hazır mısınız?** 

Bootcamp, **öğrendiklerinizi pratiğe dönüştüreceğiniz** , iş dünyasının dinamiklerini birebir deneyimleyeceğiniz ve ekip çalışmasının gücünü keşfedeceğiniz kapsamlı bir proje geliştirme maratonudur. Amacımız, sizi yalnızca teknik açıdan değil; proje yönetimi, takım çalışması ve girişimcilik bakış açısıyla da geleceğe hazırlamaktır. 

Bu süreçte oluşturacağınız ekiplerle, **çalışır bür ürün geliştirecek** ; Scrum metodolojisini uygulayarak profesyonel bir proje geliştirme deneyimi yaşayacaksınız. Her sprintte ilerlemenizi gösterecek, ekip olarak kararlar alacak ve ortaya çıkardığınız ürünle zirveye oynayacaksınız. 

Toplam **6 hafta** sürecek bu heyecan dolu yolculuk boyunca proje yönetimi süreçleriniz belirlenen kriterler doğrultusunda değerlendirilecek, düzenli geri bildirimlerle gelişiminiz desteklenecek ve finalde ortaya çıkardığınız ürün ayrıca puanlanacaktır. Tüm bunların sonunda ise en başarılı projeler arasına girerek ilk 3’te yer alma fırsatı sizi bekliyor. 

Gerçek bir ekip, gerçek bir ürün ve gerçek bir deneyim… **Şimdi sıra sizde!** 


Bootcamp ekipleri, farklı yetkinlikleri bir araya getirerek güçlü proje takımları oluşturmak amacıyla tasarlanmıştır. Yapay Zeka ve Veri Bilimi bursiyerleri karma ekipler halinde eşleştirilirken, No-Code/Low-Code bursiyerleri kendi programları içerisinde takımlaştırılmıştır. 

Her **takım 5 kişiden oluşmakta** olup, gerekli durumlarda ek bir üye dahil edilebilmektedir. Değerlendirme sürecinde Yapay Zeka & Veri Bilimi ekipleri kendi kategorilerinde, No-Code/Low-Code ekipleri ise kendi kategorilerinde yarışacaktır. 

Ekip içindeki görev dağılımı, çalışma düzeni ve zaman yönetimi **tamamen sizlerin sorumluluğundadır** . Bu süreci planlarken takım arkadaşlarınızın eğitim, iş ve kişisel sorumlulukları olabileceğini göz önünde bulundurmanız önemlidir. 

**6 haftalık Bootcamp** boyunca her ekip üyesinin, proje hedefleri ile kendi günlük sorumlulukları arasında sağlıklı bir denge kurması beklenmektedir. Başarılı ekipler; yalnızca çok çalışan değil, zamanı doğru yöneten, birbirlerinin koşullarını anlayan ve gerektiğinde esneklik gösterebilen ekiplerdir. **Etkili iletişim, karşılıklı anlayış ve ortak sorumluluk bilinciyle** hem bireysel yükünüzü dengeleyebilir hem de takım olarak güçlü sonuçlar ortaya çıkarabilirsiniz. 


Takımlar açıklandıktan sonra, takım değişikliği talepleri için sınırlı süreli bir başvuru dönemi açılacaktır. 19 Haziran **Cuma günü saat 20.00** sonrasında Slack üzerinden paylaşılacak takım değişikliği formu, **19 Haziran - 21 Haziran arasında** erişime açık olacaktır. Takım değişikliği talebinde bulunmak isteyen bursiyerlerin, form üzerinde taleplerinin gerekçesini açık ve detaylı bir şekilde belirtmeleri beklenmektedir. 

Başvurular,  ekip tarafından belirlenen kriterler doğrultusunda değerlendirilecektir. **Takım üyelerinden 3 veya daha fazla kişiye ulaşılamaması** ya da **özel bir durumunuzun olması halinde** takım değişikliği değerlendirmesinde dikkate alınabilecek başlıca kriterlerdir. Tüm taleplerin incelenmesinin ardından uygun bulunan başvurular için yeni takım eşleştirmeleri mümkün olan en kısa sürede gerçekleştirilecektir. Tüm talepler form üzerinde iletilmelidir. 

Bu sürecin tek seferlik bir fırsat olduğunu hatırlatmak isteriz. Takım değişikliği talebinizin kabul edilmesi ve yeni bir takıma yerleştirilmeniz durumunda, yeniden takım değişikliği yapma veya önceki takımınıza geri dönme hakkınız bulunmamaktadır. Bu nedenle başvurunuzu yapmadan önce mevcut durumunuzu dikkatlice değerlendirmeniz önemlidir. 


Bu etkinlikte belirli **bir tema kısıtlaması bulunmamaktadır.** Katılımcılar farklı sektörlerdeki problemlere yönelik özgün proje fikirleri geliştirebilirler. Ancak her projede yer alması gereken bazı temel özellikler, teknolojiler ve uygulanması beklenen yöntemler bulunmaktadır ve **projelerin bu çerçeve doğrultusunda şekillendirilmesi gerekmektedir.** 

Bu süreçte önemli olan, fikir üretim aşamasında çok uzun süre takılı kalmadan hızlıca bir yön belirlemek ve ilerlemeye başlamaktır. Farklı fikirleri değerlendirmek doğal olmakla birlikte, süreci geciktirecek şekilde fikir arayışında kaybolmamanız önemlidir. Bu nedenle sizden beklentimiz, geliştirmeyi düşündüğünüz proje fikrini 21 Haziran Pazar akşamına kadar kısaca bizimle paylaşmanızdır. 

Ayrıca her ekipten bir iletişim sorumlusu **(Scrum Master)** ve bir yedek iletişim sorumlusu **(Product Owner)** belirlenmesi gerekmektedir. Bu kişilerin iletişim bilgileri form üzerinden alınacak olup, süreç boyunca oluşabilecek durumlarda akademi ekibi ve asistanlar tarafından bu kişilerle doğrudan iletişime geçilecektir. 

<!-- Start of picture text -->
Bootcamp Takvimi<br>Takımların Açıklanması 2.Sprint Son Sprint<br>12 Haziran 2026 6 Temmuz 2026 20 Temmuz 2026<br>19 Temmuz 2026 02 Ağustos 2026<br>Değerlendirme Süreci<br>İlk Sprint Soru Cevap<br>Top 10 Sunum<br>19 Haziran 2026 6 Temmuz 2026 20.00<br>14 Ağustos<br>5 Temmuz 2026 20 Temmuz 2026 20.00<br><!-- End of picture text -->


Ekip Bilgileri Formu !!!Doldurulacak!!! _Ekibinizin iletişim sorumlusu ve benzeri bilgileri bizlere ilettiğiniz form https://forms.gle/CrMgeK8Ucd8mEmsE9_ 

Takım Değiştirme Formu _Bulunduğunuz ekibi değiştirmek için talep açma formu https://forms.gle/KCmRmfQ3PDV2KBhC6_ 

**Ekipleriniz 5’er kişi** olacak şekilde rastgele oluşturulacak ve her ekipte Product Owner, Scrum Master ve 3 Developer rolü yer alacaktır. Scrum rollerinin ekip içinde kimlere ait olacağına takım olarak siz karar vereceksiniz. 

**Bootcamp süreci 3 sprint** üzerinden ilerleyecek ve finalde ürün teslimi Scrum Master tarafından Ürün Teslim Formu üzerinden yapılacaktır. Scrum Master aynı zamanda ekip içi iletişimden de sorumlu olacaktır. 

Product Owner ve Scrum Master’ların yalnızca süreç yönetimi değil, aktif olarak geliştirme sürecine dahil olması beklenmektedir. Ekip içinde iş dağılımı, kimin ne geliştireceği ve hangi alanlara odaklanılacağı tamamen takımın ortak kararıdır; bu yapıda bir lider bulunmamaktadır ve **tüm ekip eşit sorumlulukla ilerler.** 

Süreç boyunca zaman yönetimi, görev paylaşımı, ekip içi koordinasyon, sağlıklı iletişim tamamen ekiplerin kendi sorumluluğundadır. Unutmayın ki ekiplerinizde herkesin aynı konu üzerinde bilgi seviyesi aynı olmayacaktır. Farklılarından beslenmeniz ve akran öğrenimi Akademi’nin tüm süreçlerinde olduğu gibi burada da en kritik kazanımdır. Gerçek iş hayatında olduğu gibi, oluşabilecek aksaklıkların ekip içinde çözülmesi beklenir. Takımlar oluşturulurken hackathon katılım durumu, cinsiyet ve cohort dengesi gibi kriterler göz önünde bulundurulur. Takımlar 5’er kişilik ve"
mevcut,37,YZTA Bootcamp 2026 (2).pdf,1,Giris,1787,6472,"rastgele şekilde atanır; yalnızca **1 kez takım değişikliği hakkı** bulunur ve bu değişiklik de yine rastgele gerçekleştirilir.Scrum rolleri ve sürece dair detaylı bilgiler ilerleyen materyallerde paylaşılacaktır. Takımınızda Bootcamp’e katılmayan kişiler varsa akademi ekibine bildirebilir ve takımda kalan kişilerle bootcamp’e devam edebilirsiniz.

Product Owner’lar ve Scrum Master’ların da yazılım sürecine dahil olmaları beklenmektedir. Scrum Master aynı zamanda iletişim sorumlusu olarak hareket edecektir. Kimin ne ölçüde kod yazacağı, hangi kodları yazacağı, hangi alanla ilgileneceği tamamen **<u>takımınızın kendi ve ortak kararı olacaktır.</u>** Grubun bir lideri yoktur, ekip olarak kendi Scrum rollerinize göre kendi projenizi ilerletmelisiniz. Grup içerisinde çıkabilecek zaman sıkışıklıkları, takvim yönetimi, yetenek farklılıkları aynı iş hayatında olduğu gibi **<u>grup içerisinde ekstra bir yardım beklenmeden

çözülmelidir.</u>**

<!-- Start of picture text -->
Vizyon<br>Vizyon & Stratejiyi net bir şekilde iletir<br>Release hedeflerini takip eder<br>Ürün<br>Product Backlog yönetimi<br>User stories<br>Önceliklendirme ve yönlendirme<br>Geri bildirimler<br>İş Birliği<br>Stakeholder’lar ile görüşme<br>Takımla görüşme<br><!-- End of picture text -->

<!-- Start of picture text -->
Rollere Karar Vermek<br>Takım<br>En iyi iş birliği yöntemleri<br>Gerçekçi hedefler, tahminler<br>Organizasyon<br>Rol çatışmalarını yönetmek<br>Süreç<br>Scrum event’lerini yönetmek<br><!-- End of picture text -->

<!-- Start of picture text -->
DEVELOPMENT TEAM<br><!-- End of picture text -->

Her sprint koyulan hedeflere ulaşmak, bir blocker varsa hemen takımı bilgilendirmek 

Developer, Product Owner’ın belirlediği yapılması gereken işleri anlamak 

- Ürünü geliştirmek 

Tüm scrum event'lerine katılmak 

- Sprint backlog’taki user story’leri tahmin etmek 

User Storyleri anlamak ,User Storyleri tahmin etmek, User Storyleri yaratmadaki bilgileri Product Owner’a vermek Teknik olarak, Programmer, UI/UX Designer development takımını oluşturabilir. 

- Developerlar iyi bir takım oyuncusu olmalı, aynı zamanda da kendi başına organize çalışabilir olmalılar 

- Cross Functional (Çapraz Fonksiyonlu) olmalılar, yani  Sprint hedefini gerçekleştirebilmek ve elindeki girdileri bir ürüne dönüştürmek için ihtiyaç duyacağı tüm yetkinliklere sahip olması demektir. 

Developer takımı, her sprint belirlenen hedefi başarmayı amaçlar. 


Ortaya çıkarılacak ürüne tamamen takım olarak siz karar vereceksiniz. Ürün tasarlanırken verilen brief ve beklentileri göz önünde bulundurmalısınız. Ürün tamamen ekibiniz tarafından sıfırdan geliştirilmeli ve her adımı GitHub’da açılacak repository içerisinde belgelemelisiniz. **Hazır bir proje kullanmak, satın alma yapmak, dışarıdan destek almak** **<u>diskalifiye sebebi olacaktır.</u>** 

Takım İsmi Takım Rolleri Ürün İsmi Ürün Açıklaması Ürün Özellikleri Hedef Kitle Product Backlog 

Sprint, hızlı koşmak anlamına gelse de Scrum bağlamında Türkçe’ye döngü olarak çevrilebilir. Akademi mezuniyet bootcampi içerisinde 2’şer haftalık olmak üzere toplam 3 sprint vardır. Sprint, Önceden belirlenmiş ve değişmeyen bir süredir. Sprint, işlerin iyi gitmeme riskini düşürmek ve yönetmek için kullanılır. Bir Sprint bittiğinde yeni bir Sprint başlar. Arada boşluk yoktur. Her Sprint bir Sprint Planning etkinliğiyle başlar ve Sprint Retrospective etkinliğiyle biter. 

Her Sprint, Scrum Takımı için bir deneydir. Bir önceki Sprint gözlemlenerek bir sonraki Sprint için adaptasyonlar belirlenir. 

**Scrum hakkında daha fazla bilgi için Proje Yönetimi 5. Kursu inceleyebilir/tamamlayabilirsiniz.** 


<!-- Start of picture text -->
Backlog Dağıtma Mantığı<br>Daily Scrum Notları<br>Sprint Board Updates<br>Ürün Durumu<br>Sprint Review<br>Sprint Retrospective<br><!-- End of picture text -->


<u>https://github.com/YapayZekaveTeknolojiAkademisi/BootcampScrumTemplate/tree/main</u> - - - <u>https://github.com/kevsoOther/U 21 Cherry Chasers/tree/main https://github.com/olgnbrn/planova https://github.com/IbrmSerhat/GhostOfAnnaScrumExample</u> - - - <u>https://github.com/burakcevheroglu/OUA

zaten Bootcamp 2023</u>


Slack üzerinden proje yönetimine dair sorularınızı **#bootcamp-2026** kanalından iletebilirsiniz. Sorularınıza **48 saat** içinde geri dönüş alacaksınız. 

Bootcamp sürecinde sizlere proje yönetimi konularında Academy Club ekibinden **12 kolaylaştırıcı/eğitim asistanı** eşlik edecek. Her takımın atanan 1 eğitim asistanı olacak. Takımlarınızın asistanları ile tanıştırılacaksınız. 

Proje yönetimi asistanları sizlere GitHub, Scrum , Agile, proje ve ürün yönetimi gibi konularda destek olacak. Asistanlar ile önden duyurulacak ofis saatlerinde çevrimiçi buluşabileceksiniz. 

Asistanlar teknik konularda takımlara özel destek sunmayacak. 

Ürün teslimi **2 Ağustos Pazar 23.59** ’a kadar form üzerinden yapılacak. Her takım için GitHub reposu açılmalı ve public olmalı. Her sprintte ilerleme ve kanıtlar GitHub’a eklenmeli; proje yönetimi değerlendirilecek. Bootcamp sonunda GitHub kayıtları tamamlanmalı. Ürün canlıya alınabiliyorsa link paylaşılabilir (opsiyonel). Son teslimde: 

3 dakikalık proje videosu **YouTube** ’a yüklenmeli. Formda istenen sorular eksiksiz doldurulmalı. Tüm teslimler 2 Ağustos 23.59’a kadar tamamlanmalı. 


|||**Ekstra Puanlar (Academy Club Ekibi**<br>**tarafından doldurulacak)**|**Max Puan**| |---|---|---|---| |**AI (Jüri tarafından puanlanacak)**<br>Yarışmaya hazır, çalışan proje|**Max Puan**<br>10|Yapay Zeka Modeli seçimi, kullanımı,<br>geliştirmesi|20| |Özgünlük|10|AI Agent’ların kullanımı, hafıza,<br>orkestrasyon

vb. teknik yönetimlerinin<br>düzgün yapılmış olması|15| |Ürün tamamlanma puanı|10|Kod içerisinde mimari yapı<br>kullanımları, temiz kod prensipleri|15| |Pazara uygun, talep görebilecek<br>|10|mevcut|| |uygulama||Ürün canlıya alınmış veya canlıya|| |||alınabilecek şekilde geliştirilme<br>yapılmış|10|

**Yukarıdaki tablolar, ürünlerinizi ve sunumlarınızı hangi ölçütlere göre hazırlamanız gerektiğini göstermektedir. Bu etkinlikte zorunlu bir proje kıstası bulunmamaktadır; ancak sağ tarafta yer alan tabloda belirtilen özelliklere ürünlerinizde yer vermeniz, sizlere ek puan kazandıracaktır. Dikkat edilmesi gereken nokta, bu özelliklerin yalnızca eklenmiş olmak için eklendiğinin tespit edilmesi durumunda puan verilmeyeceğidir. Bu sebeple eklediğiniz özellikleri amaca uygun yerlerde kullanımını ve tüm puanları almak için amaç dışına çıkmamanızı öneririz.** "
mevcut,37,YZTA Bootcamp 2026 (2).pdf,2,Giris,574,1721,"
<!-- Start of picture text -->
AI (Jüri tarafından puanlanacak) Max Puan<br>İhtiyaç ve Çözüm Eşleşmesi 20<br>Kullanıcı Değeri ve Deneyimi 10<br>Pazar Potansiyeli 10<br>Fonksiyonel Yeterlilik 15<br>Ürün bütünlüğü 10<br>Yapay zeka öğeleri 35<br><!-- End of picture text -->


|**AI (Jüri tarafından puanlanacak)**|**Max Puan**|**Ekstra Puanlar (Academy Club Ekibi**<br>**tarafından doldurulacak)**|**Max Puan**| |---|---|---|---| |Yarışmaya hazır, çalışan proje|10|Geliştirme platformu ve teknolojilerin|10| |Özgünlük|10|seçimi, uygunluğu|| |Ürün tamamlanma puanı|10|Ürün, tüketici ihtiyacına

uygun<br>formatta geliştirilmiş|10| |Kullanma isteği|10|Teknoloji seçimlerinde maliyet|10| |Pazara uygun, talep görebilecek|10|sürdürülebilirliği göz önüne alınmış|| |uygulama||Ürün canlıya alınmış veya canlıya|| |Ürün bütünlüğü|10|<br>alınabilecek şekilde geliştirilme<br>yapılmış|10|


<!-- Start of picture text -->
AI (Jüri tarafından puanlanacak) Max Puan<br>İhtiyaç ve Çözüm Eşleşmesi 20<br>Kullanıcı Değeri ve Deneyimi 10<br>Pazar Potansiyeli 10<br>Fonksiyonel Yeterlilik 15<br>Ürün bütünlüğü 10<br>Yapay zeka öğeleri 35<br><!-- End of picture text -->

Bootcamp süresince yapılan proje yönetimi ve ortaya çıkan ürün ayrı şekilde değerlendirilecektir. Sprint review’lar sonrasında beklenen dökümanlar GitHub’a konulduğunda bootcamp takımı tarafından puanlanacaktır. 3 sprint sonrasında aldığınız puanlar proje yönetim puanınızı ortaya çıkaracaktır. Projeler ve proje sunum videonuz son sprint’in bittiği hafta sizlere iletilecek takım dosyalarına yüklenecektir. Ürününüz ön jüri tarafından puanlanacaktır. İlk 10’a girecek takımlar ürün puanı ve proje yönetimi puanının birlikte değerlendirilmesine göre belirlenecektir. "
genellestirilmis_merge,1,Veritabani Temelleri,0,Giris,18,67,"Bu notta PostgreSQL kullanarak veritabani tasarimi anlatilacaktir.
"
genellestirilmis_merge,1,Veritabani Temelleri,1,Normalizasyon,32,107,"Normalizasyon, veri tekrarini onlemek icin kullanilir. 1NF, her sutunun atomik deger icermesini gerektirir."
genellestirilmis_merge,22,Proje Durum Raporu,0,Genel Durum,31,91,"Proje %65 tamamlandı, planlanan teslim tarihi 15 Eylül. Şu an bir hafta gecikme riski var.
"
genellestirilmis_merge,22,Proje Durum Raporu,1,Tamamlanan Modüller,22,79,"Kullanıcı girişi, profil yönetimi, bildirim sistemi tamamlandı ve test edildi.
"
genellestirilmis_merge,22,Proje Durum Raporu,2,Devam Eden İşler,27,85,"Ödeme entegrasyonu üçüncü parti API'nin dokümantasyon eksikliği nedeniyle yavaşladı.
"
genellestirilmis_merge,22,Proje Durum Raporu,3,Riskler,24,90,Ödeme sağlayıcısıyla teknik destek görüşmesi henüz planlanmadı - bu gecikmeyi büyütebilir.
genellestirilmis_merge,26,Final Sınav Takvimi,0,Hafta 1 (12-16 Ocak),38,89,"12 Ocak Pazartesi 09:00 - Veritabanı Yönetim Sistemleri

13 Ocak Salı 14:00 - Calculus II"
genellestirilmis_merge,26,Final Sınav Takvimi,1,Hafta 1 (12-16 Ocak),37,90,"15 Ocak Perşembe 09:00 - Elektronik Devreler

19 Ocak Pazartesi 09:00 - Sistem Programlama"
genellestirilmis_merge,26,Final Sınav Takvimi,2,Hafta 2 (19-23 Ocak),21,45,21 Ocak Çarşamba 14:00 - Asenkron Programlama
genellestirilmis_merge,26,Final Sınav Takvimi,3,Notlar,39,116,Sınav yerleri sınavdan 3 gün önce ilan edilecek. Mazeret sınavı talepleri için dekanlığa başvuru son tarihi 26 Ocak.
genellestirilmis_merge,27,yapılacaklar listesi,0,Bu Hafta,77,234,"[ ] Sprint planlama toplantısı için sunum hazırla

[ ] Zeynep'in PR'ını gözden geçir

[ ] Müşteriyle ödeme entegrasyonu görüşmesini planla

[ ] Q3 bütçe raporunu finans ekibine gönder

[ ] Yeni işe alım için mülakat sorularını hazırla"
genellestirilmis_merge,30,ATLAS-Edge-AI-Tabanli-Otonom-Lazer-Yabani-Ot-Imha-Robotu (6).pdf,0,Giris,1786,6522,"ATLAS: Edge AI Tabanlı Otonom Lazer Yabani Ot İmha Robotu 

ATLAS Projesi, tarımda yaygın olarak kullanılan kimyasal herbisitlere alternatif olarak geliştirilmiş, yapay zeka destekli otonom bir robotik sistemdir. Sistem, sahada internet bağlantısına ihtiyaç duymadan çalışabilen uç bilişim (Edge AI) mimarisi üzerine kuruludur. Amaç, mahsul ve yabani ot ayrımını gerçek zamanlı yaparak yabani otları kök boğazından noktasal şekilde imha etmektir. 

Problem Tanımı 

Kimyasal herbisitler kısa vadede etkili olsa da uzun vadede toprağın yapısını bozmakta, yeraltı sularına karışmakta ve ürünlerde kalıntı riski oluşturmaktadır. Mekanik çözümler ise yüksek iş gücü gereksinimi ve düşük hassasiyet nedeniyle verim kaybına yol açabilmektedir. Bu durum, çevre dostu, hassas ve otomatik çözümlere olan ihtiyacı artırmaktadır. 

ATLAS'ın temel hedefi, tarım alanlarında yabani otları mahsule zarar vermeden, kimyasal kullanmadan ve insan müdahalesine gerek kalmadan ortadan kaldırmaktır. Bu amaçla sistem, bitkileri sadece ""nesne"" olarak değil, şekil ve konum bilgileriyle birlikte algılar. Nihai hedef, yüksek doğruluklu algılama ve güvenli imha süreçlerini bir araya getirmektir. 

Görüntü Alımı Kameradan görüntü yakalama 

AI Analizi Derin öğrenme ile tespit 

Hedefleme İmha Geometrik bilgi işleme Lazer ile noktasal müdahale 

Sistem, kameradan alınan görüntünün derin öğrenme modeliyle analiz edilmesiyle başlar. Tespit edilen yabani otun geometrik bilgileri işlenerek hedef noktası belirlenir. Bu bilgi, robotun lazer taretine aktarılırken aynı anda navigasyon ve güvenlik modülleriyle senkronize şekilde çalışır. 

Yabani otlar düzensiz geometrilere sahip olduğu için klasik bounding box tabanlı yaklaşımlar yeterli hassasiyet sunmamaktadır. ATLAS'ta kullanılan YOLOv8n-seg modeli, bitkilerin piksel tabanlı maskesini çıkararak gerçek şekillerini analiz eder. Bu sayede hedefleme işlemi çok daha hassas yapılabilir. Veri Seti ve Eğitim Stratejisi 

**Transfer Learning ve Fine-Tune Yaklaşımı:** Model eğitimi sırasında açık kaynak tarım veri setleri temel alınmıştır. Ardından, projenin test edildiği yerel tarla koşullarına ait sınırlı sayıda görüntüyle fine-tune işlemi uygulanmıştır. Bu yöntem, modeli çevresel koşullara karşı daha dayanıklı hale getirmiştir. 

Özgün Hedefleme Algoritması Crown (Kök Boğazı) Noktası Tespiti 

01 02 Segmentasyon Maskesi Alt Bölge Analizi Bitki maskesi elde edilir Kök boğazı bölgesi belirlenir 03 04 Ağırlık Merkezi Hedef Koordinat Geometrik merkez hesaplanır Lazer yönlendirme noktası Segmentasyon sonucunda elde edilen bitki maskesi analiz edilerek kök boğazına karşılık gelen alt bölge belirlenir. Bu bölgenin geometrik ağırlık merkezi hesaplanarak lazerin yönlendirileceği hedef koordinat elde edilir. Böylece yapraklara değil, bitkinin yaşamsal merkezine odaklanılır. 

Nesne Takibi 

Robot hareket halindeyken aynı yabani ota birden fazla kez atış yapılmaması için ByteTrack tabanlı takip algoritması kullanılmıştır. Her yabani ota benzersiz bir kimlik atanır ve vurulan otlar sistem belleğinde tutulur. Bu yaklaşım enerji ve zaman verimliliği sağlar. 

Benzersiz ID Her ot için kimlik Bellek Yönetimi Vurulan otlar kaydedilir 

Gerçek Zamanlılık ve Gecikme Telafisi Hareket Halinde Hassasiyet Görüntü işleme ile lazer ateşi arasında oluşabilecek gecikmeler hedef şaşmasına neden olabilir. Bu nedenle robotun anlık hızı ve işlem süresi hesaba katılarak hedefin gelecekteki konumu tahmin edilir. Lazer bu tahmini noktaya yönlendirilir. 

Raspberry Pi 5 

Ana kontrol birimi ve sistem koordinasyonu 

Hailo-8L NPU Edge Computing 13 TOPS yapay zeka işlem gücü İnternet bağlantısı gerektirmez 

ATLAS'ın ana kontrol birimi Raspberry Pi 5'tir ve sistemdeki yapay zeka yükü Hailo-8L NPU (13 TOPS) üzerine aktarılmıştır. Bu heterojen mimari sayesinde görüntü işleme CPU'yu meşgul etmez ve navigasyon, SLAM gibi görevler kesintisiz çalışabilir. Sistem, internet bağlantısına ihtiyaç duymadan sahada otonom şekilde görev yapabilir. 

**ROS 2 Altyapısı:** ATLAS'ın tüm yazılım altyapısı, modern robotik sistemlerde endüstri standardı haline gelmiş olan ROS 2 (Robot Operating System 2) üzerinde geliştirilmiştir. ROS 2, gerçek zamanlılığa daha uygun haberleşme altyapısı (DDS) ve dağıtık mimari desteği sayesinde otonom sistemler için yüksek güvenilirlik sunar. 

Sistem, görevlerine göre ayrılmış bağımsız düğümlerden (nodes) oluşur. Bu yaklaşım, yazılımın modülerliğini artırırken hata toleransını da yükseltir, herhangi bir alt sistemde oluşabilecek hata durumunda tüm sistemin çökmesini engeller. Örneğin görüntü işleme düğümü durduğunda, sürüş ve güvenlik düğümleri çalışmaya devam edebilir. 

ATLAS yazılımı üç ana katmanda organize edilmiştir: 

vision_node Kamera verisini alır, YOLOv8-seg modeli ile yabani otları tespit eder ve hedef koordinatları üretir. 

control_node Motor sürücülerini, servo taret sistemini ve lazeri kontrol eder. Güvenlik kilitleri bu düğüm üzerinden yönetilir. 

navigation_node SLAM, yol planlama ve hız kontrolünden sorumludur. 

Düğümler arası haberleşme, ROS 2 topic ve service yapıları üzerinden asenkron olarak gerçekleştirilir. Bu sayede sistem, gerçek zamanlı veri akışını gecikme olmadan sürdürebilir. 

ATLAS, bilinmeyen ortamlarda kendi konumunu belirleyebilmek ve harita oluşturabilmek için SLAM Toolbox kullanmaktadır. LIDAR sensöründen alınan verilerle 2 boyutlu doluluk haritası (occupancy grid) oluşturulur. 

Navigasyon için ROS 2 Nav2 yığını kullanılmaktadır. Global planner, robotun A noktasından B noktasına en uygun yolu hesaplar; local planner ise önüne çıkan anlık engellerden kaçınarak bu yolu dinamik şekilde günceller. Böylece robot hem planlı hem de güvenli şekilde hareket edebilir. 

Robotun genel çalışma mantığı bir durum makinesi (state machine) yaklaşımıyla kurgulanmıştır. Bu yapı, robotun hangi durumda hangi davranışı sergileyeceğini net şekilde tanımlar. 

Alan taraması 

Yabani Ot Algılama 

Hedef tespiti 

Güvenli Duruş Pozisyon sabitleme 

Hedefleme 

Lazer yönlendirme 

İmha 

Lazer ateşleme 

Göreve Devam 

Döngü tekrarı 

Bu yaklaşım, sahada öngörülebilir ve güvenli bir davranış sergilenmesini sağlar. 

ATLAS'ın elektronik altyapısı, tarla koşullarında kararlı çalışmayı hedefleyen bir güç dağıtım mimarisi üzerine kurulmuştur. Sistem, 3S LiPo batarya ile beslenmekte ve elektriksel gürültüyü minimize etmek için ayrı güç hatları kullanılmaktadır. 

Yüksek Akım Hattı Motorlar için güç kaynağı 

Lojik Hattı Raspberry Pi için regüle edilmiş, kararlı besleme 

Aktüatör Hattı Servo ve lazer için ayrı güç "
genellestirilmis_merge,30,ATLAS-Edge-AI-Tabanli-Otonom-Lazer-Yabani-Ot-Imha-Robotu (6).pdf,1,Giris,462,1647,"Bu ayrım, servo motorların oluşturduğu gürültünün işlemciyi etkilemesini önler. 

Motor sürüşü, yüksek akım kapasiteli sürücüler aracılığıyla diferansiyel sürüş mimarisiyle sağlanmaktadır. Bu yapı, robotun kendi ekseni etrafında dönebilmesine olanak tanır ve dar alanlarda yüksek manevra kabiliyeti sunar. 

Düşük seviye zaman hassas görevler (PWM üretimi, enkoder okuma, acil durdurma sinyalleri) yardımcı bir mikrodenetleyici tarafından yönetilir. Raspberry Pi ile seri haberleşme üzerinden koordineli çalışır. 

Hedef doğruluğu ve robot durma kontrolü 

Lazer sistemi yalnızca yazılımsal değil, donanımsal güvenlik önlemleriyle de kontrol altına alınmıştır. Lazer rölesi, yalnızca hedef doğruluğu yeterli seviyeye ulaştığında ve robot tamamen duruyorken aktifleşir. 

Lazer rölesi ile fiziksel güvenlik 

Buna ek olarak fiziksel acil durdurma (E-Stop) butonu, ana güç hattını keserek sistemin güvenli duruma geçmesini sağlar. Bu yaklaşım, saha kullanımı için kritik öneme sahiptir. 

Acil Durdurma 

E-Stop butonu ile ana güç kesimi 

Uç bilişim mimarisi sayesinde gerçek zamanlı, modüler ve ölçeklenebilir bir sistem sunar. Verimli işlem gücü ve hızlı karar alma yeteneği ile sahada üstün performans gösterir. 

Çevresel Sürdürülebilirlik 

Kimyasalsız yabani ot imha yaklaşımı, çevresel etkiyi azaltır ve hassas hedefleme ile mahsule zarar riskini minimize eder. Daha sağlıklı ve verimli tarım uygulamaları sağlar. 

Tarımda Uygulanabilirlik 

İleri seviye robotik ve yapay zekâ teknolojilerinin tarım sektörüne başarılı bir şekilde entegrasyonunu gösterir. Otonom çalışma kabiliyeti ile iş gücü maliyetlerini düşürür ve verimliliği artırır. "
genellestirilmis_merge,33,Butce Degerlendirme Toplantisi,0,Katilimcilar,18,48,"Finans ekibi, Ayse (PM), departman yoneticileri
"
genellestirilmis_merge,33,Butce Degerlendirme Toplantisi,1,Konusulanlar,77,245,"Q2 harcamalari planlanan butcenin %8 uzerinde gerceklesti. En buyuk sapma bulut altyapi maliyetlerinde - trafik artisi beklenenden fazla oldu.


Bulut maliyetleri icin ayri bir izleme paneli kurulacak

Q3 butcesi %10 marj ile yeniden planlanacak"
genellestirilmis_merge,33,Butce Degerlendirme Toplantisi,2,Alinan Kararlar,23,66,"Aylik butce takip toplantisi baslatilacak, ilk toplantı 15 Agustos"
genellestirilmis_merge,34,Yeni Calisan Oryantasyon Sureci,0,Yeni Calisan Oryantasyon Sureci,29,92,"
Bu dokuman, yeni baslayan bir calisanin ilk haftasinda izlenmesi gereken adimlari anlatir.
"
genellestirilmis_merge,34,Yeni Calisan Oryantasyon Sureci,1,Ilk Gun,56,172,"Hesap erisimleri (e-posta, Slack, kod deposu) IK tarafindan onceden hazirlanmis olmali. Yeni calisan, takim liderinden proje mimarisi hakkinda kisa bir bilgilendirme alir.
"
genellestirilmis_merge,34,Yeni Calisan Oryantasyon Sureci,2,Ilk Hafta,60,192,"Gelistirme ortami kurulumu tamamlanir, kucuk bir warm-up gorev atanir (gercek bir hata veya kucuk bir ozellik). Mentor atamasi yapilir - ilk ay boyunca gunluk kisa senkron gorusmeler yapilir.
"
genellestirilmis_merge,34,Yeni Calisan Oryantasyon Sureci,3,Degerlendirme,41,131,"30 gunun sonunda, yoneticiyle bire bir bir degerlendirme gorusmesi yapilir - surecin nasil gittigi, zorlanilan noktalar konusulur.
"
genellestirilmis_merge,37,YZTA Bootcamp 2026 (2).pdf,0,Giris,1772,6726,"
**5 . A K A D E M İ D Ö N E M İ** 

**Akademi’de edindiğiniz bilgi ve becerileri gerçek bir projede hayata geçirmeye hazır mısınız?** 

Bootcamp, **öğrendiklerinizi pratiğe dönüştüreceğiniz** , iş dünyasının dinamiklerini birebir deneyimleyeceğiniz ve ekip çalışmasının gücünü keşfedeceğiniz kapsamlı bir proje geliştirme maratonudur. Amacımız, sizi yalnızca teknik açıdan değil; proje yönetimi, takım çalışması ve girişimcilik bakış açısıyla da geleceğe hazırlamaktır. 

Bu süreçte oluşturacağınız ekiplerle, **çalışır bür ürün geliştirecek** ; Scrum metodolojisini uygulayarak profesyonel bir proje geliştirme deneyimi yaşayacaksınız. Her sprintte ilerlemenizi gösterecek, ekip olarak kararlar alacak ve ortaya çıkardığınız ürünle zirveye oynayacaksınız. 

Toplam **6 hafta** sürecek bu heyecan dolu yolculuk boyunca proje yönetimi süreçleriniz belirlenen kriterler doğrultusunda değerlendirilecek, düzenli geri bildirimlerle gelişiminiz desteklenecek ve finalde ortaya çıkardığınız ürün ayrıca puanlanacaktır. Tüm bunların sonunda ise en başarılı projeler arasına girerek ilk 3’te yer alma fırsatı sizi bekliyor. 

Gerçek bir ekip, gerçek bir ürün ve gerçek bir deneyim… **Şimdi sıra sizde!** 


Bootcamp ekipleri, farklı yetkinlikleri bir araya getirerek güçlü proje takımları oluşturmak amacıyla tasarlanmıştır. Yapay Zeka ve Veri Bilimi bursiyerleri karma ekipler halinde eşleştirilirken, No-Code/Low-Code bursiyerleri kendi programları içerisinde takımlaştırılmıştır. 

Her **takım 5 kişiden oluşmakta** olup, gerekli durumlarda ek bir üye dahil edilebilmektedir. Değerlendirme sürecinde Yapay Zeka & Veri Bilimi ekipleri kendi kategorilerinde, No-Code/Low-Code ekipleri ise kendi kategorilerinde yarışacaktır. 

Ekip içindeki görev dağılımı, çalışma düzeni ve zaman yönetimi **tamamen sizlerin sorumluluğundadır** . Bu süreci planlarken takım arkadaşlarınızın eğitim, iş ve kişisel sorumlulukları olabileceğini göz önünde bulundurmanız önemlidir. 

**6 haftalık Bootcamp** boyunca her ekip üyesinin, proje hedefleri ile kendi günlük sorumlulukları arasında sağlıklı bir denge kurması beklenmektedir. Başarılı ekipler; yalnızca çok çalışan değil, zamanı doğru yöneten, birbirlerinin koşullarını anlayan ve gerektiğinde esneklik gösterebilen ekiplerdir. **Etkili iletişim, karşılıklı anlayış ve ortak sorumluluk bilinciyle** hem bireysel yükünüzü dengeleyebilir hem de takım olarak güçlü sonuçlar ortaya çıkarabilirsiniz. 


Takımlar açıklandıktan sonra, takım değişikliği talepleri için sınırlı süreli bir başvuru dönemi açılacaktır. 19 Haziran **Cuma günü saat 20.00** sonrasında Slack üzerinden paylaşılacak takım değişikliği formu, **19 Haziran - 21 Haziran arasında** erişime açık olacaktır. Takım değişikliği talebinde bulunmak isteyen bursiyerlerin, form üzerinde taleplerinin gerekçesini açık ve detaylı bir şekilde belirtmeleri beklenmektedir. 

Başvurular,  ekip tarafından belirlenen kriterler doğrultusunda değerlendirilecektir. **Takım üyelerinden 3 veya daha fazla kişiye ulaşılamaması** ya da **özel bir durumunuzun olması halinde** takım değişikliği değerlendirmesinde dikkate alınabilecek başlıca kriterlerdir. Tüm taleplerin incelenmesinin ardından uygun bulunan başvurular için yeni takım eşleştirmeleri mümkün olan en kısa sürede gerçekleştirilecektir. Tüm talepler form üzerinde iletilmelidir. 

Bu sürecin tek seferlik bir fırsat olduğunu hatırlatmak isteriz. Takım değişikliği talebinizin kabul edilmesi ve yeni bir takıma yerleştirilmeniz durumunda, yeniden takım değişikliği yapma veya önceki takımınıza geri dönme hakkınız bulunmamaktadır. Bu nedenle başvurunuzu yapmadan önce mevcut durumunuzu dikkatlice değerlendirmeniz önemlidir. 


Bu etkinlikte belirli **bir tema kısıtlaması bulunmamaktadır.** Katılımcılar farklı sektörlerdeki problemlere yönelik özgün proje fikirleri geliştirebilirler. Ancak her projede yer alması gereken bazı temel özellikler, teknolojiler ve uygulanması beklenen yöntemler bulunmaktadır ve **projelerin bu çerçeve doğrultusunda şekillendirilmesi gerekmektedir.** 

Bu süreçte önemli olan, fikir üretim aşamasında çok uzun süre takılı kalmadan hızlıca bir yön belirlemek ve ilerlemeye başlamaktır. Farklı fikirleri değerlendirmek doğal olmakla birlikte, süreci geciktirecek şekilde fikir arayışında kaybolmamanız önemlidir. Bu nedenle sizden beklentimiz, geliştirmeyi düşündüğünüz proje fikrini 21 Haziran Pazar akşamına kadar kısaca bizimle paylaşmanızdır. 

Ayrıca her ekipten bir iletişim sorumlusu **(Scrum Master)** ve bir yedek iletişim sorumlusu **(Product Owner)** belirlenmesi gerekmektedir. Bu kişilerin iletişim bilgileri form üzerinden alınacak olup, süreç boyunca oluşabilecek durumlarda akademi ekibi ve asistanlar tarafından bu kişilerle doğrudan iletişime geçilecektir. 

<!-- Start of picture text -->
Bootcamp Takvimi<br>Takımların Açıklanması 2.Sprint Son Sprint<br>12 Haziran 2026 6 Temmuz 2026 20 Temmuz 2026<br>19 Temmuz 2026 02 Ağustos 2026<br>Değerlendirme Süreci<br>İlk Sprint Soru Cevap<br>Top 10 Sunum<br>19 Haziran 2026 6 Temmuz 2026 20.00<br>14 Ağustos<br>5 Temmuz 2026 20 Temmuz 2026 20.00<br><!-- End of picture text -->


Ekip Bilgileri Formu !!!Doldurulacak!!! _Ekibinizin iletişim sorumlusu ve benzeri bilgileri bizlere ilettiğiniz form https://forms.gle/CrMgeK8Ucd8mEmsE9_ 

Takım Değiştirme Formu _Bulunduğunuz ekibi değiştirmek için talep açma formu https://forms.gle/KCmRmfQ3PDV2KBhC6_ 

**Ekipleriniz 5’er kişi** olacak şekilde rastgele oluşturulacak ve her ekipte Product Owner, Scrum Master ve 3 Developer rolü yer alacaktır. Scrum rollerinin ekip içinde kimlere ait olacağına takım olarak siz karar vereceksiniz. 

**Bootcamp süreci 3 sprint** üzerinden ilerleyecek ve finalde ürün teslimi Scrum Master tarafından Ürün Teslim Formu üzerinden yapılacaktır. Scrum Master aynı zamanda ekip içi iletişimden de sorumlu olacaktır. 

Product Owner ve Scrum Master’ların yalnızca süreç yönetimi değil, aktif olarak geliştirme sürecine dahil olması beklenmektedir. Ekip içinde iş dağılımı, kimin ne geliştireceği ve hangi alanlara odaklanılacağı tamamen takımın ortak kararıdır; bu yapıda bir lider bulunmamaktadır ve **tüm ekip eşit sorumlulukla ilerler.** 

Süreç boyunca zaman yönetimi, görev paylaşımı, ekip içi koordinasyon, sağlıklı iletişim tamamen ekiplerin kendi sorumluluğundadır. Unutmayın ki ekiplerinizde herkesin aynı konu üzerinde bilgi seviyesi aynı olmayacaktır. Farklılarından beslenmeniz ve akran öğrenimi Akademi’nin tüm süreçlerinde olduğu gibi burada da en kritik kazanımdır. Gerçek iş hayatında olduğu gibi, oluşabilecek aksaklıkların ekip içinde çözülmesi beklenir. Takımlar oluşturulurken hackathon katılım durumu, cinsiyet ve cohort dengesi gibi kriterler göz önünde bulundurulur. Takımlar 5’er kişilik ve"
genellestirilmis_merge,37,YZTA Bootcamp 2026 (2).pdf,1,Giris,1787,6472,"rastgele şekilde atanır; yalnızca **1 kez takım değişikliği hakkı** bulunur ve bu değişiklik de yine rastgele gerçekleştirilir.Scrum rolleri ve sürece dair detaylı bilgiler ilerleyen materyallerde paylaşılacaktır. Takımınızda Bootcamp’e katılmayan kişiler varsa akademi ekibine bildirebilir ve takımda kalan kişilerle bootcamp’e devam edebilirsiniz.

Product Owner’lar ve Scrum Master’ların da yazılım sürecine dahil olmaları beklenmektedir. Scrum Master aynı zamanda iletişim sorumlusu olarak hareket edecektir. Kimin ne ölçüde kod yazacağı, hangi kodları yazacağı, hangi alanla ilgileneceği tamamen **<u>takımınızın kendi ve ortak kararı olacaktır.</u>** Grubun bir lideri yoktur, ekip olarak kendi Scrum rollerinize göre kendi projenizi ilerletmelisiniz. Grup içerisinde çıkabilecek zaman sıkışıklıkları, takvim yönetimi, yetenek farklılıkları aynı iş hayatında olduğu gibi **<u>grup içerisinde ekstra bir yardım beklenmeden

çözülmelidir.</u>**

<!-- Start of picture text -->
Vizyon<br>Vizyon & Stratejiyi net bir şekilde iletir<br>Release hedeflerini takip eder<br>Ürün<br>Product Backlog yönetimi<br>User stories<br>Önceliklendirme ve yönlendirme<br>Geri bildirimler<br>İş Birliği<br>Stakeholder’lar ile görüşme<br>Takımla görüşme<br><!-- End of picture text -->

<!-- Start of picture text -->
Rollere Karar Vermek<br>Takım<br>En iyi iş birliği yöntemleri<br>Gerçekçi hedefler, tahminler<br>Organizasyon<br>Rol çatışmalarını yönetmek<br>Süreç<br>Scrum event’lerini yönetmek<br><!-- End of picture text -->

<!-- Start of picture text -->
DEVELOPMENT TEAM<br><!-- End of picture text -->

Her sprint koyulan hedeflere ulaşmak, bir blocker varsa hemen takımı bilgilendirmek 

Developer, Product Owner’ın belirlediği yapılması gereken işleri anlamak 

- Ürünü geliştirmek 

Tüm scrum event'lerine katılmak 

- Sprint backlog’taki user story’leri tahmin etmek 

User Storyleri anlamak ,User Storyleri tahmin etmek, User Storyleri yaratmadaki bilgileri Product Owner’a vermek Teknik olarak, Programmer, UI/UX Designer development takımını oluşturabilir. 

- Developerlar iyi bir takım oyuncusu olmalı, aynı zamanda da kendi başına organize çalışabilir olmalılar 

- Cross Functional (Çapraz Fonksiyonlu) olmalılar, yani  Sprint hedefini gerçekleştirebilmek ve elindeki girdileri bir ürüne dönüştürmek için ihtiyaç duyacağı tüm yetkinliklere sahip olması demektir. 

Developer takımı, her sprint belirlenen hedefi başarmayı amaçlar. 


Ortaya çıkarılacak ürüne tamamen takım olarak siz karar vereceksiniz. Ürün tasarlanırken verilen brief ve beklentileri göz önünde bulundurmalısınız. Ürün tamamen ekibiniz tarafından sıfırdan geliştirilmeli ve her adımı GitHub’da açılacak repository içerisinde belgelemelisiniz. **Hazır bir proje kullanmak, satın alma yapmak, dışarıdan destek almak** **<u>diskalifiye sebebi olacaktır.</u>** 

Takım İsmi Takım Rolleri Ürün İsmi Ürün Açıklaması Ürün Özellikleri Hedef Kitle Product Backlog 

Sprint, hızlı koşmak anlamına gelse de Scrum bağlamında Türkçe’ye döngü olarak çevrilebilir. Akademi mezuniyet bootcampi içerisinde 2’şer haftalık olmak üzere toplam 3 sprint vardır. Sprint, Önceden belirlenmiş ve değişmeyen bir süredir. Sprint, işlerin iyi gitmeme riskini düşürmek ve yönetmek için kullanılır. Bir Sprint bittiğinde yeni bir Sprint başlar. Arada boşluk yoktur. Her Sprint bir Sprint Planning etkinliğiyle başlar ve Sprint Retrospective etkinliğiyle biter. 

Her Sprint, Scrum Takımı için bir deneydir. Bir önceki Sprint gözlemlenerek bir sonraki Sprint için adaptasyonlar belirlenir. 

**Scrum hakkında daha fazla bilgi için Proje Yönetimi 5. Kursu inceleyebilir/tamamlayabilirsiniz.** 


<!-- Start of picture text -->
Backlog Dağıtma Mantığı<br>Daily Scrum Notları<br>Sprint Board Updates<br>Ürün Durumu<br>Sprint Review<br>Sprint Retrospective<br><!-- End of picture text -->


<u>https://github.com/YapayZekaveTeknolojiAkademisi/BootcampScrumTemplate/tree/main</u> - - - <u>https://github.com/kevsoOther/U 21 Cherry Chasers/tree/main https://github.com/olgnbrn/planova https://github.com/IbrmSerhat/GhostOfAnnaScrumExample</u> - - - <u>https://github.com/burakcevheroglu/OUA

zaten Bootcamp 2023</u>


Slack üzerinden proje yönetimine dair sorularınızı **#bootcamp-2026** kanalından iletebilirsiniz. Sorularınıza **48 saat** içinde geri dönüş alacaksınız. 

Bootcamp sürecinde sizlere proje yönetimi konularında Academy Club ekibinden **12 kolaylaştırıcı/eğitim asistanı** eşlik edecek. Her takımın atanan 1 eğitim asistanı olacak. Takımlarınızın asistanları ile tanıştırılacaksınız. 

Proje yönetimi asistanları sizlere GitHub, Scrum , Agile, proje ve ürün yönetimi gibi konularda destek olacak. Asistanlar ile önden duyurulacak ofis saatlerinde çevrimiçi buluşabileceksiniz. 

Asistanlar teknik konularda takımlara özel destek sunmayacak. 

Ürün teslimi **2 Ağustos Pazar 23.59** ’a kadar form üzerinden yapılacak. Her takım için GitHub reposu açılmalı ve public olmalı. Her sprintte ilerleme ve kanıtlar GitHub’a eklenmeli; proje yönetimi değerlendirilecek. Bootcamp sonunda GitHub kayıtları tamamlanmalı. Ürün canlıya alınabiliyorsa link paylaşılabilir (opsiyonel). Son teslimde: 

3 dakikalık proje videosu **YouTube** ’a yüklenmeli. Formda istenen sorular eksiksiz doldurulmalı. Tüm teslimler 2 Ağustos 23.59’a kadar tamamlanmalı. 


|||**Ekstra Puanlar (Academy Club Ekibi**<br>**tarafından doldurulacak)**|**Max Puan**| |---|---|---|---| |**AI (Jüri tarafından puanlanacak)**<br>Yarışmaya hazır, çalışan proje|**Max Puan**<br>10|Yapay Zeka Modeli seçimi, kullanımı,<br>geliştirmesi|20| |Özgünlük|10|AI Agent’ların kullanımı, hafıza,<br>orkestrasyon

vb. teknik yönetimlerinin<br>düzgün yapılmış olması|15| |Ürün tamamlanma puanı|10|Kod içerisinde mimari yapı<br>kullanımları, temiz kod prensipleri|15| |Pazara uygun, talep görebilecek<br>|10|mevcut|| |uygulama||Ürün canlıya alınmış veya canlıya|| |||alınabilecek şekilde geliştirilme<br>yapılmış|10|

**Yukarıdaki tablolar, ürünlerinizi ve sunumlarınızı hangi ölçütlere göre hazırlamanız gerektiğini göstermektedir. Bu etkinlikte zorunlu bir proje kıstası bulunmamaktadır; ancak sağ tarafta yer alan tabloda belirtilen özelliklere ürünlerinizde yer vermeniz, sizlere ek puan kazandıracaktır. Dikkat edilmesi gereken nokta, bu özelliklerin yalnızca eklenmiş olmak için eklendiğinin tespit edilmesi durumunda puan verilmeyeceğidir. Bu sebeple eklediğiniz özellikleri amaca uygun yerlerde kullanımını ve tüm puanları almak için amaç dışına çıkmamanızı öneririz.** "
genellestirilmis_merge,37,YZTA Bootcamp 2026 (2).pdf,2,Giris,574,1721,"
<!-- Start of picture text -->
AI (Jüri tarafından puanlanacak) Max Puan<br>İhtiyaç ve Çözüm Eşleşmesi 20<br>Kullanıcı Değeri ve Deneyimi 10<br>Pazar Potansiyeli 10<br>Fonksiyonel Yeterlilik 15<br>Ürün bütünlüğü 10<br>Yapay zeka öğeleri 35<br><!-- End of picture text -->


|**AI (Jüri tarafından puanlanacak)**|**Max Puan**|**Ekstra Puanlar (Academy Club Ekibi**<br>**tarafından doldurulacak)**|**Max Puan**| |---|---|---|---| |Yarışmaya hazır, çalışan proje|10|Geliştirme platformu ve teknolojilerin|10| |Özgünlük|10|seçimi, uygunluğu|| |Ürün tamamlanma puanı|10|Ürün, tüketici ihtiyacına

uygun<br>formatta geliştirilmiş|10| |Kullanma isteği|10|Teknoloji seçimlerinde maliyet|10| |Pazara uygun, talep görebilecek|10|sürdürülebilirliği göz önüne alınmış|| |uygulama||Ürün canlıya alınmış veya canlıya|| |Ürün bütünlüğü|10|<br>alınabilecek şekilde geliştirilme<br>yapılmış|10|


<!-- Start of picture text -->
AI (Jüri tarafından puanlanacak) Max Puan<br>İhtiyaç ve Çözüm Eşleşmesi 20<br>Kullanıcı Değeri ve Deneyimi 10<br>Pazar Potansiyeli 10<br>Fonksiyonel Yeterlilik 15<br>Ürün bütünlüğü 10<br>Yapay zeka öğeleri 35<br><!-- End of picture text -->

Bootcamp süresince yapılan proje yönetimi ve ortaya çıkan ürün ayrı şekilde değerlendirilecektir. Sprint review’lar sonrasında beklenen dökümanlar GitHub’a konulduğunda bootcamp takımı tarafından puanlanacaktır. 3 sprint sonrasında aldığınız puanlar proje yönetim puanınızı ortaya çıkaracaktır. Projeler ve proje sunum videonuz son sprint’in bittiği hafta sizlere iletilecek takım dosyalarına yüklenecektir. Ürününüz ön jüri tarafından puanlanacaktır. İlk 10’a girecek takımlar ürün puanı ve proje yönetimi puanının birlikte değerlendirilmesine göre belirlenecektir. "
semantik,1,Veritabani Temelleri,0,Giris,18,67,"Bu notta PostgreSQL kullanarak veritabani tasarimi anlatilacaktir.
"
semantik,1,Veritabani Temelleri,1,Normalizasyon,32,107,"Normalizasyon, veri tekrarini onlemek icin kullanilir. 1NF, her sutunun atomik deger icermesini gerektirir."
semantik,22,Proje Durum Raporu,0,Genel Durum,30,90,"Proje %65 tamamlandı, planlanan teslim tarihi 15 Eylül. Şu an bir hafta gecikme riski var."
semantik,22,Proje Durum Raporu,1,Tamamlanan Modüller,22,79,"Kullanıcı girişi, profil yönetimi, bildirim sistemi tamamlandı ve test edildi.
"
semantik,22,Proje Durum Raporu,2,Devam Eden İşler,27,85,"Ödeme entegrasyonu üçüncü parti API'nin dokümantasyon eksikliği nedeniyle yavaşladı.
"
semantik,22,Proje Durum Raporu,3,Riskler,24,90,Ödeme sağlayıcısıyla teknik destek görüşmesi henüz planlanmadı - bu gecikmeyi büyütebilir.
semantik,26,Final Sınav Takvimi,0,Hafta 1 (12-16 Ocak),41,92,- 12 Ocak Pazartesi 09:00 - Veritabanı Yönetim Sistemleri - 13 Ocak Salı 14:00 - Calculus II
semantik,26,Final Sınav Takvimi,1,Hafta 1 (12-16 Ocak),22,46,- 15 Ocak Perşembe 09:00 - Elektronik Devreler
semantik,26,Final Sınav Takvimi,2,Hafta 2 (19-23 Ocak),41,94,- 19 Ocak Pazartesi 09:00 - Sistem Programlama - 21 Ocak Çarşamba 14:00 - Asenkron Programlama
semantik,26,Final Sınav Takvimi,3,Notlar,39,116,Sınav yerleri sınavdan 3 gün önce ilan edilecek. Mazeret sınavı talepleri için dekanlığa başvuru son tarihi 26 Ocak.
semantik,27,yapılacaklar listesi,0,Bu Hafta,79,241,"- [ ] Sprint planlama toplantısı için sunum hazırla - [ ] Zeynep'in PR'ını gözden geçir - [ ] Müşteriyle ödeme entegrasyonu görüşmesini planla - [ ] Q3 bütçe raporunu finans ekibine gönder

- [ ] Yeni işe alım için mülakat sorularını hazırla"
semantik,30,ATLAS-Edge-AI-Tabanli-Otonom-Lazer-Yabani-Ot-Imha-Robotu (6).pdf,0,Giris,87,325,"ATLAS: Edge AI Tabanlı Otonom Lazer Yabani Ot İmha Robotu ATLAS Projesi, tarımda yaygın olarak kullanılan kimyasal herbisitlere alternatif olarak geliştirilmiş, yapay zeka destekli otonom bir robotik sistemdir. Sistem, sahada internet bağlantısına ihtiyaç duymadan çalışabilen uç bilişim (Edge AI) mimarisi üzerine kuruludur."
semantik,30,ATLAS-Edge-AI-Tabanli-Otonom-Lazer-Yabani-Ot-Imha-Robotu (6).pdf,1,Giris,40,133,"Amaç, mahsul ve yabani ot ayrımını gerçek zamanlı yaparak yabani otları kök boğazından noktasal şekilde imha etmektir. Problem Tanımı"
semantik,30,ATLAS-Edge-AI-Tabanli-Otonom-Lazer-Yabani-Ot-Imha-Robotu (6).pdf,2,Giris,301,1137,"Kimyasal herbisitler kısa vadede etkili olsa da uzun vadede toprağın yapısını bozmakta, yeraltı sularına karışmakta ve ürünlerde kalıntı riski oluşturmaktadır. Mekanik çözümler ise yüksek iş gücü gereksinimi ve düşük hassasiyet nedeniyle verim kaybına yol açabilmektedir. Bu durum, çevre dostu, hassas ve otomatik çözümlere olan ihtiyacı artırmaktadır. ATLAS'ın temel hedefi, tarım alanlarında yabani otları mahsule zarar vermeden, kimyasal kullanmadan ve insan müdahalesine gerek kalmadan ortadan kaldırmaktır. Bu amaçla sistem, bitkileri sadece ""nesne"" olarak değil, şekil ve konum bilgileriyle birlikte algılar. Nihai hedef, yüksek doğruluklu algılama ve güvenli imha süreçlerini bir araya getirmektir. Görüntü Alımı Kameradan görüntü yakalama AI Analizi Derin öğrenme ile tespit Hedefleme İmha Geometrik bilgi işleme Lazer ile noktasal müdahale Sistem, kameradan alınan görüntünün derin öğrenme modeliyle analiz edilmesiyle başlar. Tespit edilen yabani otun geometrik bilgileri işlenerek hedef noktası belirlenir. Bu bilgi, robotun lazer taretine aktarılırken aynı anda navigasyon ve güvenlik modülleriyle senkronize şekilde çalışır."
semantik,30,ATLAS-Edge-AI-Tabanli-Otonom-Lazer-Yabani-Ot-Imha-Robotu (6).pdf,3,Giris,312,1188,"Yabani otlar düzensiz geometrilere sahip olduğu için klasik bounding box tabanlı yaklaşımlar yeterli hassasiyet sunmamaktadır. ATLAS'ta kullanılan YOLOv8n-seg modeli, bitkilerin piksel tabanlı maskesini çıkararak gerçek şekillerini analiz eder. Bu sayede hedefleme işlemi çok daha hassas yapılabilir. Veri Seti ve Eğitim Stratejisi **Transfer Learning ve Fine-Tune Yaklaşımı:** Model eğitimi sırasında açık kaynak tarım veri setleri temel alınmıştır. Ardından, projenin test edildiği yerel tarla koşullarına ait sınırlı sayıda görüntüyle fine-tune işlemi uygulanmıştır. Bu yöntem, modeli çevresel koşullara karşı daha dayanıklı hale getirmiştir. Özgün Hedefleme Algoritması Crown (Kök Boğazı) Noktası Tespiti 01 02 Segmentasyon Maskesi Alt Bölge Analizi Bitki maskesi elde edilir Kök boğazı bölgesi belirlenir 03 04 Ağırlık Merkezi Hedef Koordinat Geometrik merkez hesaplanır Lazer yönlendirme noktası Segmentasyon sonucunda elde edilen bitki maskesi analiz edilerek kök boğazına karşılık gelen alt bölge belirlenir. Bu bölgenin geometrik ağırlık merkezi hesaplanarak lazerin yönlendirileceği hedef koordinat elde edilir. Böylece yapraklara değil, bitkinin yaşamsal merkezine odaklanılır."
semantik,30,ATLAS-Edge-AI-Tabanli-Otonom-Lazer-Yabani-Ot-Imha-Robotu (6).pdf,4,Giris,90,353,Nesne Takibi Robot hareket halindeyken aynı yabani ota birden fazla kez atış yapılmaması için ByteTrack tabanlı takip algoritması kullanılmıştır. Her yabani ota benzersiz bir kimlik atanır ve vurulan otlar sistem belleğinde tutulur. Bu yaklaşım enerji ve zaman verimliliği sağlar. Benzersiz ID Her ot için kimlik Bellek Yönetimi Vurulan otlar kaydedilir
semantik,30,ATLAS-Edge-AI-Tabanli-Otonom-Lazer-Yabani-Ot-Imha-Robotu (6).pdf,5,Giris,96,364,"Gerçek Zamanlılık ve Gecikme Telafisi Hareket Halinde Hassasiyet Görüntü işleme ile lazer ateşi arasında oluşabilecek gecikmeler hedef şaşmasına neden olabilir. Bu nedenle robotun anlık hızı ve işlem süresi hesaba katılarak hedefin gelecekteki konumu tahmin edilir. Lazer bu tahmini noktaya yönlendirilir. Raspberry Pi 5

Ana kontrol birimi ve sistem koordinasyonu"
semantik,30,ATLAS-Edge-AI-Tabanli-Otonom-Lazer-Yabani-Ot-Imha-Robotu (6).pdf,6,Giris,309,1134,"Hailo-8L NPU Edge Computing 13 TOPS yapay zeka işlem gücü İnternet bağlantısı gerektirmez ATLAS'ın ana kontrol birimi Raspberry Pi 5'tir ve sistemdeki yapay zeka yükü Hailo-8L NPU (13 TOPS) üzerine aktarılmıştır. Bu heterojen mimari sayesinde görüntü işleme CPU'yu meşgul etmez ve navigasyon, SLAM gibi görevler kesintisiz çalışabilir. Sistem, internet bağlantısına ihtiyaç duymadan sahada otonom şekilde görev yapabilir. **ROS 2 Altyapısı:** ATLAS'ın tüm yazılım altyapısı, modern robotik sistemlerde endüstri standardı haline gelmiş olan ROS 2 (Robot Operating System 2) üzerinde geliştirilmiştir. ROS 2, gerçek zamanlılığa daha uygun haberleşme altyapısı (DDS) ve dağıtık mimari desteği sayesinde otonom sistemler için yüksek güvenilirlik sunar. Sistem, görevlerine göre ayrılmış bağımsız düğümlerden (nodes) oluşur. Bu yaklaşım, yazılımın modülerliğini artırırken hata toleransını da yükseltir, herhangi bir alt sistemde oluşabilecek hata durumunda tüm sistemin çökmesini engeller. Örneğin görüntü işleme düğümü durduğunda, sürüş ve güvenlik düğümleri çalışmaya devam edebilir.

ATLAS yazılımı üç ana katmanda organize edilmiştir:"
semantik,30,ATLAS-Edge-AI-Tabanli-Otonom-Lazer-Yabani-Ot-Imha-Robotu (6).pdf,7,Giris,724,2765,"vision_node Kamera verisini alır, YOLOv8-seg modeli ile yabani otları tespit eder ve hedef koordinatları üretir. control_node Motor sürücülerini, servo taret sistemini ve lazeri kontrol eder. Güvenlik kilitleri bu düğüm üzerinden yönetilir. navigation_node SLAM, yol planlama ve hız kontrolünden sorumludur. Düğümler arası haberleşme, ROS 2 topic ve service yapıları üzerinden asenkron olarak gerçekleştirilir. Bu sayede sistem, gerçek zamanlı veri akışını gecikme olmadan sürdürebilir. ATLAS, bilinmeyen ortamlarda kendi konumunu belirleyebilmek ve harita oluşturabilmek için SLAM Toolbox kullanmaktadır. LIDAR sensöründen alınan verilerle 2 boyutlu doluluk haritası (occupancy grid) oluşturulur. Navigasyon için ROS 2 Nav2 yığını kullanılmaktadır. Global planner, robotun A noktasından B noktasına en uygun yolu hesaplar; local planner ise önüne çıkan anlık engellerden kaçınarak bu yolu dinamik şekilde günceller. Böylece robot hem planlı hem de güvenli şekilde hareket edebilir. Robotun genel çalışma mantığı bir durum makinesi (state machine) yaklaşımıyla kurgulanmıştır. Bu yapı, robotun hangi durumda hangi davranışı sergileyeceğini net şekilde tanımlar. Alan taraması Yabani Ot Algılama Hedef tespiti Güvenli Duruş Pozisyon sabitleme Hedefleme Lazer yönlendirme İmha Lazer ateşleme Göreve Devam Döngü tekrarı Bu yaklaşım, sahada öngörülebilir ve güvenli bir davranış sergilenmesini sağlar. ATLAS'ın elektronik altyapısı, tarla koşullarında kararlı çalışmayı hedefleyen bir güç dağıtım mimarisi üzerine kurulmuştur. Sistem, 3S LiPo batarya ile beslenmekte ve elektriksel gürültüyü minimize etmek için ayrı güç hatları kullanılmaktadır. Yüksek Akım Hattı Motorlar için güç kaynağı Lojik Hattı Raspberry Pi için regüle edilmiş, kararlı besleme Aktüatör Hattı Servo ve lazer için ayrı güç Bu ayrım, servo motorların oluşturduğu gürültünün işlemciyi etkilemesini önler. Motor sürüşü, yüksek akım kapasiteli sürücüler aracılığıyla diferansiyel sürüş mimarisiyle sağlanmaktadır. Bu yapı, robotun kendi ekseni etrafında dönebilmesine olanak tanır ve dar alanlarda yüksek manevra kabiliyeti sunar. Düşük seviye zaman hassas görevler (PWM üretimi, enkoder okuma, acil durdurma sinyalleri) yardımcı bir mikrodenetleyici tarafından yönetilir. Raspberry Pi ile seri haberleşme üzerinden koordineli çalışır. Hedef doğruluğu ve robot durma kontrolü Lazer sistemi yalnızca yazılımsal değil, donanımsal güvenlik önlemleriyle de kontrol altına alınmıştır. Lazer rölesi, yalnızca hedef doğruluğu yeterli seviyeye ulaştığında ve robot tamamen duruyorken aktifleşir. Lazer rölesi ile fiziksel güvenlik Buna ek olarak fiziksel acil durdurma (E-Stop) butonu, ana güç hattını keserek sistemin güvenli duruma geçmesini sağlar. Bu yaklaşım, saha kullanımı için kritik öneme sahiptir."
semantik,30,ATLAS-Edge-AI-Tabanli-Otonom-Lazer-Yabani-Ot-Imha-Robotu (6).pdf,8,Giris,176,647,"Acil Durdurma E-Stop butonu ile ana güç kesimi Uç bilişim mimarisi sayesinde gerçek zamanlı, modüler ve ölçeklenebilir bir sistem sunar. Verimli işlem gücü ve hızlı karar alma yeteneği ile sahada üstün performans gösterir. Çevresel Sürdürülebilirlik Kimyasalsız yabani ot imha yaklaşımı, çevresel etkiyi azaltır ve hassas hedefleme ile mahsule zarar riskini minimize eder. Daha sağlıklı ve verimli tarım uygulamaları sağlar. Tarımda Uygulanabilirlik İleri seviye robotik ve yapay zekâ teknolojilerinin tarım sektörüne başarılı bir şekilde entegrasyonunu gösterir. Otonom çalışma kabiliyeti ile iş gücü maliyetlerini düşürür ve verimliliği artırır."
semantik,33,Butce Degerlendirme Toplantisi,0,Katilimcilar,18,48,"Finans ekibi, Ayse (PM), departman yoneticileri
"
semantik,33,Butce Degerlendirme Toplantisi,1,Konusulanlar,45,142,Q2 harcamalari planlanan butcenin %8 uzerinde gerceklesti. En buyuk sapma bulut altyapi maliyetlerinde - trafik artisi beklenenden fazla oldu.
semantik,33,Butce Degerlendirme Toplantisi,2,Alinan Kararlar,34,103,- Bulut maliyetleri icin ayri bir izleme paneli kurulacak - Q3 butcesi %10 marj ile yeniden planlanacak
semantik,33,Butce Degerlendirme Toplantisi,3,Alinan Kararlar,23,68,"- Aylik butce takip toplantisi baslatilacak, ilk toplantı 15 Agustos"
semantik,34,Yeni Calisan Oryantasyon Sureci,0,Yeni Calisan Oryantasyon Sureci,29,92,"
Bu dokuman, yeni baslayan bir calisanin ilk haftasinda izlenmesi gereken adimlari anlatir.
"
semantik,34,Yeni Calisan Oryantasyon Sureci,1,Ilk Gun,55,171,"Hesap erisimleri (e-posta, Slack, kod deposu) IK tarafindan onceden hazirlanmis olmali. Yeni calisan, takim liderinden proje mimarisi hakkinda kisa bir bilgilendirme alir."
semantik,34,Yeni Calisan Oryantasyon Sureci,2,Ilk Hafta,59,191,"Gelistirme ortami kurulumu tamamlanir, kucuk bir warm-up gorev atanir (gercek bir hata veya kucuk bir ozellik). Mentor atamasi yapilir - ilk ay boyunca gunluk kisa senkron gorusmeler yapilir."
semantik,34,Yeni Calisan Oryantasyon Sureci,3,Degerlendirme,41,131,"30 gunun sonunda, yoneticiyle bire bir bir degerlendirme gorusmesi yapilir - surecin nasil gittigi, zorlanilan noktalar konusulur.
"
semantik,37,YZTA Bootcamp 2026 (2).pdf,0,Giris,906,3639,"**5 . A K A D E M İ D Ö N E M İ** **Akademi’de edindiğiniz bilgi ve becerileri gerçek bir projede hayata geçirmeye hazır mısınız?** Bootcamp, **öğrendiklerinizi pratiğe dönüştüreceğiniz** , iş dünyasının dinamiklerini birebir deneyimleyeceğiniz ve ekip çalışmasının gücünü keşfedeceğiniz kapsamlı bir proje geliştirme maratonudur. Amacımız, sizi yalnızca teknik açıdan değil; proje yönetimi, takım çalışması ve girişimcilik bakış açısıyla da geleceğe hazırlamaktır. Bu süreçte oluşturacağınız ekiplerle, **çalışır bür ürün geliştirecek** ; Scrum metodolojisini uygulayarak profesyonel bir proje geliştirme deneyimi yaşayacaksınız. Her sprintte ilerlemenizi gösterecek, ekip olarak kararlar alacak ve ortaya çıkardığınız ürünle zirveye oynayacaksınız. Toplam **6 hafta** sürecek bu heyecan dolu yolculuk boyunca proje yönetimi süreçleriniz belirlenen kriterler doğrultusunda değerlendirilecek, düzenli geri bildirimlerle gelişiminiz desteklenecek ve finalde ortaya çıkardığınız ürün ayrıca puanlanacaktır. Tüm bunların sonunda ise en başarılı projeler arasına girerek ilk 3’te yer alma fırsatı sizi bekliyor. Gerçek bir ekip, gerçek bir ürün ve gerçek bir deneyim… **Şimdi sıra sizde!** Bootcamp ekipleri, farklı yetkinlikleri bir araya getirerek güçlü proje takımları oluşturmak amacıyla tasarlanmıştır. Yapay Zeka ve Veri Bilimi bursiyerleri karma ekipler halinde eşleştirilirken, No-Code/Low-Code bursiyerleri kendi programları içerisinde takımlaştırılmıştır. Her **takım 5 kişiden oluşmakta** olup, gerekli durumlarda ek bir üye dahil edilebilmektedir. Değerlendirme sürecinde Yapay Zeka & Veri Bilimi ekipleri kendi kategorilerinde, No-Code/Low-Code ekipleri ise kendi kategorilerinde yarışacaktır. Ekip içindeki görev dağılımı, çalışma düzeni ve zaman yönetimi **tamamen sizlerin sorumluluğundadır** . Bu süreci planlarken takım arkadaşlarınızın eğitim, iş ve kişisel sorumlulukları olabileceğini göz önünde bulundurmanız önemlidir. **6 haftalık Bootcamp** boyunca her ekip üyesinin, proje hedefleri ile kendi günlük sorumlulukları arasında sağlıklı bir denge kurması beklenmektedir. Başarılı ekipler; yalnızca çok çalışan değil, zamanı doğru yöneten, birbirlerinin koşullarını anlayan ve gerektiğinde esneklik gösterebilen ekiplerdir. **Etkili iletişim, karşılıklı anlayış ve ortak sorumluluk bilinciyle** hem bireysel yükünüzü dengeleyebilir hem de takım olarak güçlü sonuçlar ortaya çıkarabilirsiniz. Takımlar açıklandıktan sonra, takım değişikliği talepleri için sınırlı süreli bir başvuru dönemi açılacaktır. 19 Haziran **Cuma günü saat 20.00** sonrasında Slack üzerinden paylaşılacak takım değişikliği formu, **19 Haziran - 21 Haziran arasında** erişime açık olacaktır. Takım değişikliği talebinde bulunmak isteyen bursiyerlerin, form üzerinde taleplerinin gerekçesini açık ve detaylı bir şekilde belirtmeleri beklenmektedir. Başvurular,  ekip tarafından belirlenen kriterler doğrultusunda değerlendirilecektir. **Takım üyelerinden 3 veya daha fazla kişiye ulaşılamaması** ya da **özel bir durumunuzun olması halinde** takım değişikliği değerlendirmesinde dikkate alınabilecek başlıca kriterlerdir. Tüm taleplerin incelenmesinin ardından uygun bulunan başvurular için yeni takım eşleştirmeleri mümkün olan en kısa sürede gerçekleştirilecektir. Tüm talepler form üzerinde iletilmelidir. Bu sürecin tek seferlik bir fırsat olduğunu hatırlatmak isteriz. Takım değişikliği talebinizin kabul edilmesi ve yeni bir takıma yerleştirilmeniz durumunda, yeniden takım değişikliği yapma veya önceki takımınıza geri dönme hakkınız bulunmamaktadır. Bu nedenle başvurunuzu yapmadan önce mevcut durumunuzu dikkatlice değerlendirmeniz önemlidir."
semantik,37,YZTA Bootcamp 2026 (2).pdf,1,Giris,251,1073,"Bu etkinlikte belirli **bir tema kısıtlaması bulunmamaktadır.** Katılımcılar farklı sektörlerdeki problemlere yönelik özgün proje fikirleri geliştirebilirler. Ancak her projede yer alması gereken bazı temel özellikler, teknolojiler ve uygulanması beklenen yöntemler bulunmaktadır ve **projelerin bu çerçeve doğrultusunda şekillendirilmesi gerekmektedir.** Bu süreçte önemli olan, fikir üretim aşamasında çok uzun süre takılı kalmadan hızlıca bir yön belirlemek ve ilerlemeye başlamaktır. Farklı fikirleri değerlendirmek doğal olmakla birlikte, süreci geciktirecek şekilde fikir arayışında kaybolmamanız önemlidir. Bu nedenle sizden beklentimiz, geliştirmeyi düşündüğünüz proje fikrini 21 Haziran Pazar akşamına kadar kısaca bizimle paylaşmanızdır. Ayrıca her ekipten bir iletişim sorumlusu **(Scrum Master)** ve bir yedek iletişim sorumlusu **(Product Owner)** belirlenmesi gerekmektedir. Bu kişilerin iletişim bilgileri form üzerinden alınacak olup, süreç boyunca oluşabilecek durumlarda akademi ekibi ve asistanlar tarafından bu kişilerle doğrudan iletişime geçilecektir."
semantik,37,YZTA Bootcamp 2026 (2).pdf,2,Giris,1682,6231,"<!-- Start of picture text --> Bootcamp Takvimi<br>Takımların Açıklanması 2.Sprint Son Sprint<br>12 Haziran 2026 6 Temmuz 2026 20 Temmuz 2026<br>19 Temmuz 2026 02 Ağustos 2026<br>Değerlendirme Süreci<br>İlk Sprint Soru Cevap<br>Top 10 Sunum<br>19 Haziran 2026 6 Temmuz 2026 20.00<br>14 Ağustos<br>5 Temmuz 2026 20 Temmuz 2026 20.00<br><!-- End of picture text --> Ekip Bilgileri Formu !!!Doldurulacak!!! _Ekibinizin iletişim sorumlusu ve benzeri bilgileri bizlere ilettiğiniz form https://forms.gle/CrMgeK8Ucd8mEmsE9_ Takım Değiştirme Formu _Bulunduğunuz ekibi değiştirmek için talep açma formu https://forms.gle/KCmRmfQ3PDV2KBhC6_ **Ekipleriniz 5’er kişi** olacak şekilde rastgele oluşturulacak ve her ekipte Product Owner, Scrum Master ve 3 Developer rolü yer alacaktır. Scrum rollerinin ekip içinde kimlere ait olacağına takım olarak siz karar vereceksiniz. **Bootcamp süreci 3 sprint** üzerinden ilerleyecek ve finalde ürün teslimi Scrum Master tarafından Ürün Teslim Formu üzerinden yapılacaktır. Scrum Master aynı zamanda ekip içi iletişimden de sorumlu olacaktır. Product Owner ve Scrum Master’ların yalnızca süreç yönetimi değil, aktif olarak geliştirme sürecine dahil olması beklenmektedir. Ekip içinde iş dağılımı, kimin ne geliştireceği ve hangi alanlara odaklanılacağı tamamen takımın ortak kararıdır; bu yapıda bir lider bulunmamaktadır ve **tüm ekip eşit sorumlulukla ilerler.** Süreç boyunca zaman yönetimi, görev paylaşımı, ekip içi koordinasyon, sağlıklı iletişim tamamen ekiplerin kendi sorumluluğundadır. Unutmayın ki ekiplerinizde herkesin aynı konu üzerinde bilgi seviyesi aynı olmayacaktır. Farklılarından beslenmeniz ve akran öğrenimi Akademi’nin tüm süreçlerinde olduğu gibi burada da en kritik kazanımdır. Gerçek iş hayatında olduğu gibi, oluşabilecek aksaklıkların ekip içinde çözülmesi beklenir. Takımlar oluşturulurken hackathon katılım durumu, cinsiyet ve cohort dengesi gibi kriterler göz önünde bulundurulur. Takımlar 5’er kişilik ve rastgele şekilde atanır; yalnızca **1 kez takım değişikliği hakkı** bulunur ve bu değişiklik de yine rastgele gerçekleştirilir.Scrum rolleri ve sürece dair detaylı bilgiler ilerleyen materyallerde paylaşılacaktır. Takımınızda Bootcamp’e katılmayan kişiler varsa akademi ekibine bildirebilir ve takımda kalan kişilerle bootcamp’e devam edebilirsiniz. Product Owner’lar ve Scrum Master’ların da yazılım sürecine dahil olmaları beklenmektedir. Scrum Master aynı zamanda iletişim sorumlusu olarak hareket edecektir. Kimin ne ölçüde kod yazacağı, hangi kodları yazacağı, hangi alanla ilgileneceği tamamen **<u>takımınızın kendi ve ortak kararı olacaktır.</u>** Grubun bir lideri yoktur, ekip olarak kendi Scrum rollerinize göre kendi projenizi ilerletmelisiniz. Grup içerisinde çıkabilecek zaman sıkışıklıkları, takvim yönetimi, yetenek farklılıkları aynı iş hayatında olduğu gibi **<u>grup içerisinde ekstra bir yardım beklenmeden çözülmelidir.</u>** <!-- Start of picture text --> Vizyon<br>Vizyon & Stratejiyi net bir şekilde iletir<br>Release hedeflerini takip eder<br>Ürün<br>Product Backlog yönetimi<br>User stories<br>Önceliklendirme ve yönlendirme<br>Geri bildirimler<br>İş Birliği<br>Stakeholder’lar ile görüşme<br>Takımla görüşme<br><!-- End of picture text --> <!-- Start of picture text --> Rollere Karar Vermek<br>Takım<br>En iyi iş birliği yöntemleri<br>Gerçekçi hedefler, tahminler<br>Organizasyon<br>Rol çatışmalarını yönetmek<br>Süreç<br>Scrum event’lerini yönetmek<br><!-- End of picture text --> <!-- Start of picture text --> DEVELOPMENT TEAM<br><!-- End of picture text --> Her sprint koyulan hedeflere ulaşmak, bir blocker varsa hemen takımı bilgilendirmek Developer, Product Owner’ın belirlediği yapılması gereken işleri anlamak - Ürünü geliştirmek Tüm scrum event'lerine katılmak - Sprint backlog’taki user story’leri tahmin etmek User Storyleri anlamak ,User Storyleri tahmin etmek, User Storyleri yaratmadaki bilgileri Product Owner’a vermek Teknik olarak, Programmer, UI/UX Designer development takımını oluşturabilir. - Developerlar iyi bir takım oyuncusu olmalı, aynı zamanda da kendi başına organize çalışabilir olmalılar - Cross Functional (Çapraz Fonksiyonlu) olmalılar, yani  Sprint hedefini gerçekleştirebilmek ve elindeki girdileri bir ürüne dönüştürmek için ihtiyaç duyacağı tüm yetkinliklere sahip olması demektir. Developer takımı, her sprint belirlenen hedefi başarmayı amaçlar. Ortaya çıkarılacak ürüne tamamen takım olarak siz karar vereceksiniz. Ürün tasarlanırken verilen brief ve beklentileri göz önünde bulundurmalısınız. Ürün tamamen ekibiniz tarafından sıfırdan geliştirilmeli ve her adımı GitHub’da açılacak repository içerisinde belgelemelisiniz. **Hazır bir proje kullanmak, satın alma yapmak, dışarıdan destek almak** **<u>diskalifiye sebebi olacaktır.</u>** Takım İsmi Takım Rolleri Ürün İsmi Ürün Açıklaması Ürün Özellikleri Hedef Kitle Product Backlog Sprint, hızlı koşmak anlamına gelse de Scrum bağlamında Türkçe’ye döngü olarak çevrilebilir. Akademi mezuniyet bootcampi içerisinde 2’şer haftalık olmak üzere toplam 3 sprint vardır. Sprint, Önceden belirlenmiş ve değişmeyen bir süredir. Sprint, işlerin iyi gitmeme riskini düşürmek ve yönetmek için kullanılır. Bir Sprint bittiğinde yeni bir Sprint başlar. Arada boşluk yoktur. Her Sprint bir Sprint Planning etkinliğiyle başlar ve Sprint Retrospective etkinliğiyle biter. Her Sprint, Scrum Takımı için bir deneydir. Bir önceki Sprint gözlemlenerek bir sonraki Sprint için adaptasyonlar belirlenir. **Scrum hakkında daha fazla bilgi için Proje Yönetimi 5. Kursu inceleyebilir/tamamlayabilirsiniz.** <!-- Start of picture text --> Backlog Dağıtma Mantığı<br>Daily Scrum Notları<br>Sprint Board Updates<br>Ürün Durumu<br>Sprint Review<br>Sprint Retrospective<br><!-- End of picture text --> <u>https://github.com/YapayZekaveTeknolojiAkademisi/BootcampScrumTemplate/tree/main</u> - - - <u>https://github.com/kevsoOther/U 21 Cherry Chasers/tree/main https://github.com/olgnbrn/planova https://github.com/IbrmSerhat/GhostOfAnnaScrumExample</u> - - - <u>https://github.com/burakcevheroglu/OUA zaten Bootcamp 2023</u> Slack üzerinden proje yönetimine dair sorularınızı **#bootcamp-2026** kanalından iletebilirsiniz. Sorularınıza **48 saat** içinde geri dönüş alacaksınız."
semantik,37,YZTA Bootcamp 2026 (2).pdf,3,Giris,127,478,"Bootcamp sürecinde sizlere proje yönetimi konularında Academy Club ekibinden **12 kolaylaştırıcı/eğitim asistanı** eşlik edecek. Her takımın atanan 1 eğitim asistanı olacak. Takımlarınızın asistanları ile tanıştırılacaksınız. Proje yönetimi asistanları sizlere GitHub, Scrum , Agile, proje ve ürün yönetimi gibi konularda destek olacak. Asistanlar ile önden duyurulacak ofis saatlerinde çevrimiçi buluşabileceksiniz. Asistanlar teknik konularda takımlara özel destek sunmayacak."
semantik,37,YZTA Bootcamp 2026 (2).pdf,4,Giris,25,73,Ürün teslimi **2 Ağustos Pazar 23.59** ’a kadar form üzerinden yapılacak.
semantik,37,YZTA Bootcamp 2026 (2).pdf,5,Giris,48,191,Her takım için GitHub reposu açılmalı ve public olmalı. Her sprintte ilerleme ve kanıtlar GitHub’a eklenmeli; proje yönetimi değerlendirilecek. Bootcamp sonunda GitHub kayıtları tamamlanmalı.
semantik,37,YZTA Bootcamp 2026 (2).pdf,6,Giris,39,127,Ürün canlıya alınabiliyorsa link paylaşılabilir (opsiyonel). Son teslimde: 3 dakikalık proje videosu **YouTube** ’a yüklenmeli.
semantik,37,YZTA Bootcamp 2026 (2).pdf,7,Giris,153,419,"Formda istenen sorular eksiksiz doldurulmalı. Tüm teslimler 2 Ağustos 23.59’a kadar tamamlanmalı. |||**Ekstra Puanlar (Academy Club Ekibi**<br>**tarafından doldurulacak)**|**Max Puan**| |---|---|---|---| |**AI (Jüri tarafından puanlanacak)**<br>Yarışmaya hazır, çalışan proje|**Max Puan**<br>10|Yapay Zeka Modeli seçimi, kullanımı,<br>geliştirmesi|20| |Özgünlük|10|AI Agent’ların kullanımı, hafıza,<br>orkestrasyon

vb."
semantik,37,YZTA Bootcamp 2026 (2).pdf,8,Giris,245,888,"teknik yönetimlerinin<br>düzgün yapılmış olması|15| |Ürün tamamlanma puanı|10|Kod içerisinde mimari yapı<br>kullanımları, temiz kod prensipleri|15| |Pazara uygun, talep görebilecek<br>|10|mevcut|| |uygulama||Ürün canlıya alınmış veya canlıya|| |||alınabilecek şekilde geliştirilme<br>yapılmış|10| **Yukarıdaki tablolar, ürünlerinizi ve sunumlarınızı hangi ölçütlere göre hazırlamanız gerektiğini göstermektedir. Bu etkinlikte zorunlu bir proje kıstası bulunmamaktadır; ancak sağ tarafta yer alan tabloda belirtilen özelliklere ürünlerinizde yer vermeniz, sizlere ek puan kazandıracaktır. Dikkat edilmesi gereken nokta, bu özelliklerin yalnızca eklenmiş olmak için eklendiğinin tespit edilmesi durumunda puan verilmeyeceğidir. Bu sebeple eklediğiniz özellikleri amaca uygun yerlerde kullanımını ve tüm puanları almak için amaç dışına çıkmamanızı öneririz.**

<!-- Start of picture text -->"
semantik,37,YZTA Bootcamp 2026 (2).pdf,9,Giris,325,875,"AI (Jüri tarafından puanlanacak) Max Puan<br>İhtiyaç ve Çözüm Eşleşmesi 20<br>Kullanıcı Değeri ve Deneyimi 10<br>Pazar Potansiyeli 10<br>Fonksiyonel Yeterlilik 15<br>Ürün bütünlüğü 10<br>Yapay zeka öğeleri 35<br><!-- End of picture text --> |**AI (Jüri tarafından puanlanacak)**|**Max Puan**|**Ekstra Puanlar (Academy Club Ekibi**<br>**tarafından doldurulacak)**|**Max Puan**| |---|---|---|---| |Yarışmaya hazır, çalışan proje|10|Geliştirme platformu ve teknolojilerin|10| |Özgünlük|10|seçimi, uygunluğu|| |Ürün tamamlanma puanı|10|Ürün, tüketici ihtiyacına uygun<br>formatta geliştirilmiş|10| |Kullanma isteği|10|Teknoloji seçimlerinde maliyet|10| |Pazara uygun, talep görebilecek|10|sürdürülebilirliği göz önüne alınmış|| |uygulama||Ürün canlıya alınmış veya canlıya|| |Ürün bütünlüğü|10|<br>alınabilecek şekilde geliştirilme<br>yapılmış|10|

<!-- Start of picture text -->"
semantik,37,YZTA Bootcamp 2026 (2).pdf,10,Giris,236,807,AI (Jüri tarafından puanlanacak) Max Puan<br>İhtiyaç ve Çözüm Eşleşmesi 20<br>Kullanıcı Değeri ve Deneyimi 10<br>Pazar Potansiyeli 10<br>Fonksiyonel Yeterlilik 15<br>Ürün bütünlüğü 10<br>Yapay zeka öğeleri 35<br><!-- End of picture text --> Bootcamp süresince yapılan proje yönetimi ve ortaya çıkan ürün ayrı şekilde değerlendirilecektir. Sprint review’lar sonrasında beklenen dökümanlar GitHub’a konulduğunda bootcamp takımı tarafından puanlanacaktır. 3 sprint sonrasında aldığınız puanlar proje yönetim puanınızı ortaya çıkaracaktır. Projeler ve proje sunum videonuz son sprint’in bittiği hafta sizlere iletilecek takım dosyalarına yüklenecektir. Ürününüz ön jüri tarafından puanlanacaktır. İlk 10’a girecek takımlar ürün puanı ve proje yönetimi puanının birlikte değerlendirilmesine göre belirlenecektir.
cumle_bazli,1,Veritabani Temelleri,0,Giris,18,67,"Bu notta PostgreSQL kullanarak veritabani tasarimi anlatilacaktir.
"
cumle_bazli,1,Veritabani Temelleri,1,Normalizasyon,32,107,"Normalizasyon, veri tekrarini onlemek icin kullanilir. 1NF, her sutunun atomik deger icermesini gerektirir."
cumle_bazli,22,Proje Durum Raporu,0,Genel Durum,30,90,"Proje %65 tamamlandı, planlanan teslim tarihi 15 Eylül. Şu an bir hafta gecikme riski var."
cumle_bazli,22,Proje Durum Raporu,1,Tamamlanan Modüller,22,79,"Kullanıcı girişi, profil yönetimi, bildirim sistemi tamamlandı ve test edildi.
"
cumle_bazli,22,Proje Durum Raporu,2,Devam Eden İşler,27,85,"Ödeme entegrasyonu üçüncü parti API'nin dokümantasyon eksikliği nedeniyle yavaşladı.
"
cumle_bazli,22,Proje Durum Raporu,3,Riskler,24,90,Ödeme sağlayıcısıyla teknik destek görüşmesi henüz planlanmadı - bu gecikmeyi büyütebilir.
cumle_bazli,26,Final Sınav Takvimi,0,Hafta 1 (12-16 Ocak),64,140,"- 12 Ocak Pazartesi 09:00 - Veritabanı Yönetim Sistemleri
- 13 Ocak Salı 14:00 - Calculus II
- 15 Ocak Perşembe 09:00 - Elektronik Devreler
"
cumle_bazli,26,Final Sınav Takvimi,1,Hafta 2 (19-23 Ocak),43,95,"- 19 Ocak Pazartesi 09:00 - Sistem Programlama
- 21 Ocak Çarşamba 14:00 - Asenkron Programlama
"
cumle_bazli,26,Final Sınav Takvimi,2,Notlar,39,116,Sınav yerleri sınavdan 3 gün önce ilan edilecek. Mazeret sınavı talepleri için dekanlığa başvuru son tarihi 26 Ocak.
cumle_bazli,27,yapılacaklar listesi,0,Bu Hafta,83,241,"
- [ ] Sprint planlama toplantısı için sunum hazırla
- [ ] Zeynep'in PR'ını gözden geçir
- [ ] Müşteriyle ödeme entegrasyonu görüşmesini planla
- [ ] Q3 bütçe raporunu finans ekibine gönder
- [ ] Yeni işe alım için mülakat sorularını hazırla"
cumle_bazli,30,ATLAS-Edge-AI-Tabanli-Otonom-Lazer-Yabani-Ot-Imha-Robotu (6).pdf,0,Giris,125,459,"ATLAS: Edge AI Tabanlı Otonom Lazer Yabani Ot İmha Robotu ATLAS Projesi, tarımda yaygın olarak kullanılan kimyasal herbisitlere alternatif olarak geliştirilmiş, yapay zeka destekli otonom bir robotik sistemdir. Sistem, sahada internet bağlantısına ihtiyaç duymadan çalışabilen uç bilişim (Edge AI) mimarisi üzerine kuruludur. Amaç, mahsul ve yabani ot ayrımını gerçek zamanlı yaparak yabani otları kök boğazından noktasal şekilde imha etmektir. Problem Tanımı"
cumle_bazli,30,ATLAS-Edge-AI-Tabanli-Otonom-Lazer-Yabani-Ot-Imha-Robotu (6).pdf,1,Giris,166,614,"Kimyasal herbisitler kısa vadede etkili olsa da uzun vadede toprağın yapısını bozmakta, yeraltı sularına karışmakta ve ürünlerde kalıntı riski oluşturmaktadır. Mekanik çözümler ise yüksek iş gücü gereksinimi ve düşük hassasiyet nedeniyle verim kaybına yol açabilmektedir. Bu durum, çevre dostu, hassas ve otomatik çözümlere olan ihtiyacı artırmaktadır. ATLAS'ın temel hedefi, tarım alanlarında yabani otları mahsule zarar vermeden, kimyasal kullanmadan ve insan müdahalesine gerek kalmadan ortadan kaldırmaktır. Bu amaçla sistem, bitkileri sadece ""nesne"" olarak değil, şekil ve konum bilgileriyle birlikte algılar."
cumle_bazli,30,ATLAS-Edge-AI-Tabanli-Otonom-Lazer-Yabani-Ot-Imha-Robotu (6).pdf,2,Giris,71,234,"Nihai hedef, yüksek doğruluklu algılama ve güvenli imha süreçlerini bir araya getirmektir. Görüntü Alımı Kameradan görüntü yakalama AI Analizi Derin öğrenme ile tespi t Hedefleme İmha Geometrik bilgi işleme Lazer ile noktasal müdahale"
cumle_bazli,30,ATLAS-Edge-AI-Tabanli-Otonom-Lazer-Yabani-Ot-Imha-Robotu (6).pdf,3,Giris,134,533,"Sistem, kameradan alınan görüntünün derin öğrenme modeliyle analiz edilmesiyle başlar. Tespit edilen yabani otun geometrik bilgileri işlenerek hedef noktası belirlenir. Bu bilgi, robotun lazer taretine aktarılırken aynı anda navigasyon ve güvenlik modülleriyle senkronize şekilde çalışır. Yabani otlar düzensiz geometrilere sahip olduğu için klasik bounding box tabanlı yaklaşımlar yeterli hassasiyet sunmamaktadır. ATLAS'ta kullanılan YOLOv8n-seg modeli, bitkilerin piksel tabanlı maskesini çıkararak gerçek şekillerini analiz eder."
cumle_bazli,30,ATLAS-Edge-AI-Tabanli-Otonom-Lazer-Yabani-Ot-Imha-Robotu (6).pdf,4,Giris,97,400,"Bu sayede hedefleme işlemi çok daha hassas yapılabilir. Veri Seti ve Eğitim Stratejisi **Transfer Learning ve Fine-Tune Yaklaşımı:** Model eğitimi sırasında açık kaynak tarım veri setleri temel alınmıştır. Ardından, projenin test edildiği yerel tarla koşullarına ait sınırlı sayıda görüntüyle fine-tune işlemi uygulanmıştır. Bu yöntem, modeli çevresel koşullara karşı daha dayanıklı hale getirmiştir."
cumle_bazli,30,ATLAS-Edge-AI-Tabanli-Otonom-Lazer-Yabani-Ot-Imha-Robotu (6).pdf,5,Giris,160,555,"Özgün Hedefleme Algoritması Crown (Kök Boğazı) Noktası Tespiti 01 02 Segmentasyon Maskesi Alt Bölge Analizi Bitki maskesi elde edilir Kök boğazı bölgesi belirlenir 03 04 Ağırlık Merkezi Hedef Koordinat Geometrik merkez hesaplanır Lazer yönlendirme noktası Segmentasyon sonucunda elde edilen bitki maskesi analiz edilerek kök boğazına karşılık gelen alt bölge belirlenir. Bu bölgenin geometrik ağırlık merkezi hesaplanarak lazerin yönlendirileceği hedef koordinat elde edilir. Böylece yapraklara değil, bitkinin yaşamsal merkezine odaklanılır. Nesne Takibi"
cumle_bazli,30,ATLAS-Edge-AI-Tabanli-Otonom-Lazer-Yabani-Ot-Imha-Robotu (6).pdf,6,Giris,129,501,Robot hareket halindeyken aynı yabani ota birden fazla kez atış yapılmaması için ByteTrack tabanlı takip algoritması kullanılmıştır. Her yabani ota benzersiz bir kimlik atanır ve vurulan otlar sistem belleğinde tutulur. Bu yaklaşım enerji ve zaman verimliliği sağlar. Benzersiz ID Her ot için kimlik Bellek Yönetimi Vurulan otlar kaydedilir Gerçek Zamanlılık ve Gecikme Telafisi Hareket Halinde Hassasiyet Görüntü işleme ile lazer ateşi arasında oluşabilecek gecikmeler hedef şaşmasına neden olabilir.
cumle_bazli,30,ATLAS-Edge-AI-Tabanli-Otonom-Lazer-Yabani-Ot-Imha-Robotu (6).pdf,7,Giris,53,203,Bu nedenle robotun anlık hızı ve işlem süresi hesaba katılarak hedefin gelecekteki konumu tahmin edilir. Lazer bu tahmini noktaya yönlendirilir. Raspberry Pi 5 Ana kontrol birimi ve sistem koordinasyon u
cumle_bazli,30,ATLAS-Edge-AI-Tabanli-Otonom-Lazer-Yabani-Ot-Imha-Robotu (6).pdf,8,Giris,168,599,"Hailo-8L NPU Edge Computing 13 TOPS yapay zeka işlem gücü İnternet bağlantısı gerektirmez ATLAS'ın ana kontrol birimi Raspberry Pi 5'tir ve sistemdeki yapay zeka yükü Hailo-8L NPU (13 TOPS) üzerine aktarılmıştır. Bu heterojen mimari sayesinde görüntü işleme CPU'yu meşgul etmez ve navigasyon, SLAM gibi görevler kesintisiz çalışabilir. Sistem, internet bağlantısına ihtiyaç duymadan sahada otonom şekilde görev yapabilir. **ROS 2 Altyapısı:** ATLAS'ın tüm yazılım altyapısı, modern robotik sistemlerde endüstri standardı haline gelmiş olan ROS 2 (Robot Operating System 2) üzerinde geliştirilmiştir."
cumle_bazli,30,ATLAS-Edge-AI-Tabanli-Otonom-Lazer-Yabani-Ot-Imha-Robotu (6).pdf,9,Giris,141,533,"ROS 2, gerçek zamanlılığa daha uygun haberleşme altyapısı (DDS) ve dağıtık mimari desteği sayesinde otonom sistemler için yüksek güvenilirlik sunar. Sistem, görevlerine göre ayrılmış bağımsız düğümlerden (nodes) oluşur. Bu yaklaşım, yazılımın modülerliğini artırırken hata toleransını da yükseltir, herhangi bir alt sistemde oluşabilecek hata durumunda tüm sistemin çökmesini engeller. Örneğin görüntü işleme düğümü durduğunda, sürüş ve güvenlik düğümleri çalışmaya devam edebilir. ATLAS yazılımı üç ana katmanda organize edilmiştir:"
cumle_bazli,30,ATLAS-Edge-AI-Tabanli-Otonom-Lazer-Yabani-Ot-Imha-Robotu (6).pdf,10,Giris,103,410,"vision_node Kamera verisini alır, YOLOv8-seg modeli ile yabani otları tespit eder ve hedef koordinatları üretir. control_node Motor sürücülerini, servo taret sistemini ve lazeri kontrol eder. Güvenlik kilitleri bu düğüm üzerinden yönetilir. navigation_node SLAM, yol planlama ve hız kontrolünden sorumludur. Düğümler arası haberleşme, ROS 2 topic ve service yapıları üzerinden asenkron olarak gerçekleştirilir."
cumle_bazli,30,ATLAS-Edge-AI-Tabanli-Otonom-Lazer-Yabani-Ot-Imha-Robotu (6).pdf,11,Giris,132,505,"Bu sayede sistem, gerçek zamanlı veri akışını gecikme olmadan sürdürebilir. ATLAS, bilinmeyen ortamlarda kendi konumunu belirleyebilmek ve harita oluşturabilmek için SLAM Toolbox kullanmaktadır. LIDAR sensöründen alınan verilerle 2 boyutlu doluluk haritası (occupancy grid) oluşturulur. Navigasyon için ROS 2 Nav2 yığını kullanılmaktadır. Global planner, robotun A noktasından B noktasına en uygun yolu hesaplar; local planner ise önüne çıkan anlık engellerden kaçınarak bu yolu dinamik şekilde günceller."
cumle_bazli,30,ATLAS-Edge-AI-Tabanli-Otonom-Lazer-Yabani-Ot-Imha-Robotu (6).pdf,12,Giris,71,277,"Böylece robot hem planlı hem de güvenli şekilde hareket edebilir. Robotun genel çalışma mantığı bir durum makinesi (state machine) yaklaşımıyla kurgulanmıştır. Bu yapı, robotun hangi durumda hangi davranışı sergileyeceğini net şekilde tanımlar. Alan taraması Yabani Ot Algılama"
cumle_bazli,30,ATLAS-Edge-AI-Tabanli-Otonom-Lazer-Yabani-Ot-Imha-Robotu (6).pdf,13,Giris,28,79,Hedef tespiti Güvenli Duruş Pozisyon sabitleme Hedefleme Lazer yönlendirme İmha
cumle_bazli,30,ATLAS-Edge-AI-Tabanli-Otonom-Lazer-Yabani-Ot-Imha-Robotu (6).pdf,14,Giris,68,247,"Lazer ateşleme Göreve Devam Döngü tekrarı Bu yaklaşım, sahada öngörülebilir ve güvenli bir davranış sergilenmesini sağlar. ATLAS'ın elektronik altyapısı, tarla koşullarında kararlı çalışmayı hedefleyen bir güç dağıtım mimarisi üzerine kurulmuştur."
cumle_bazli,30,ATLAS-Edge-AI-Tabanli-Otonom-Lazer-Yabani-Ot-Imha-Robotu (6).pdf,15,Giris,98,349,"Sistem, 3S LiPo batarya ile beslenmekte ve elektriksel gürültüyü minimize etmek için ayrı güç hatları kullanılmaktadır. Yüksek Akım Hattı Motorlar için güç kaynağı Lojik Hattı Raspberry Pi için regüle edilmiş, kararlı besleme Aktüatör Hattı Servo ve lazer için ayrı güç Bu ayrım, servo motorların oluşturduğu gürültünün işlemciyi etkilemesini önler."
cumle_bazli,30,ATLAS-Edge-AI-Tabanli-Otonom-Lazer-Yabani-Ot-Imha-Robotu (6).pdf,16,Giris,128,468,"Motor sürüşü, yüksek akım kapasiteli sürücüler aracılığıyla diferansiyel sürüş mimarisiyle sağlanmaktadır. Bu yapı, robotun kendi ekseni etrafında dönebilmesine olanak tanır ve dar alanlarda yüksek manevra kabiliyeti sunar. Düşük seviye zaman hassas görevler (PWM üretimi, enkoder okuma, acil durdurma sinyalleri) yardımcı bir mikrodenetleyici tarafından yönetilir. Raspberry Pi ile seri haberleşme üzerinden koordineli çalışır. Hedef doğruluğu ve robot durma kontrolü"
cumle_bazli,30,ATLAS-Edge-AI-Tabanli-Otonom-Lazer-Yabani-Ot-Imha-Robotu (6).pdf,17,Giris,112,423,"Lazer sistemi yalnızca yazılımsal değil, donanımsal güvenlik önlemleriyle de kontrol altına alınmıştır. Lazer rölesi, yalnızca hedef doğruluğu yeterli seviyeye ulaştığında ve robot tamamen duruyorken aktifleşir. Lazer rölesi ile fiziksel güvenlik Buna ek olarak fiziksel acil durdurma (E-Stop) butonu, ana güç hattını keserek sistemin güvenli duruma geçmesini sağlar. Bu yaklaşım, saha kullanımı için kritik öneme sahiptir."
cumle_bazli,30,ATLAS-Edge-AI-Tabanli-Otonom-Lazer-Yabani-Ot-Imha-Robotu (6).pdf,18,Giris,63,223,"Acil Durdurma E-Stop butonu ile ana güç kesim i Uç bilişim mimarisi sayesinde gerçek zamanlı, modüler ve ölçeklenebilir bir sistem sunar. Verimli işlem gücü ve hızlı karar alma yeteneği ile sahada üstün performans gösterir."
cumle_bazli,30,ATLAS-Edge-AI-Tabanli-Otonom-Lazer-Yabani-Ot-Imha-Robotu (6).pdf,19,Giris,91,340,"Çevresel Sürdürülebilirlik Kimyasalsız yabani ot imha yaklaşımı, çevresel etkiyi azaltır ve hassas hedefleme ile mahsule zarar riskini minimize eder. Daha sağlıklı ve verimli tarım uygulamaları sağlar. Tarımda Uygulanabilirlik İleri seviye robotik ve yapay zekâ teknolojilerinin tarım sektörüne başarılı bir şekilde entegrasyonunu gösterir."
cumle_bazli,30,ATLAS-Edge-AI-Tabanli-Otonom-Lazer-Yabani-Ot-Imha-Robotu (6).pdf,20,Giris,27,83,Otonom çalışma kabiliyeti ile iş gücü maliyetlerini düşürür ve verimliliği artırır.
cumle_bazli,33,Butce Degerlendirme Toplantisi,0,Katilimcilar,18,48,"Finans ekibi, Ayse (PM), departman yoneticiler i"
cumle_bazli,33,Butce Degerlendirme Toplantisi,1,Konusulanlar,45,142,Q2 harcamalari planlanan butcenin %8 uzerinde gerceklesti. En buyuk sapma bulut altyapi maliyetlerinde - trafik artisi beklenenden fazla oldu.
cumle_bazli,33,Butce Degerlendirme Toplantisi,2,Alinan Kararlar,58,173,"- Bulut maliyetleri icin ayri bir izleme paneli kurulacak
- Q3 butcesi %10 marj ile yeniden planlanacak
- Aylik butce takip toplantisi baslatilacak, ilk toplantı 15 Agustos
"
cumle_bazli,34,Yeni Calisan Oryantasyon Sureci,0,Yeni Calisan Oryantasyon Sureci,29,92,"
Bu dokuman, yeni baslayan bir calisanin ilk haftasinda izlenmesi gereken adimlari anlatir.
"
cumle_bazli,34,Yeni Calisan Oryantasyon Sureci,1,Ilk Gun,55,171,"Hesap erisimleri (e-posta, Slack, kod deposu) IK tarafindan onceden hazirlanmis olmali. Yeni calisan, takim liderinden proje mimarisi hakkinda kisa bir bilgilendirme alir."
cumle_bazli,34,Yeni Calisan Oryantasyon Sureci,2,Ilk Hafta,59,191,"Gelistirme ortami kurulumu tamamlanir, kucuk bir warm-up gorev atanir (gercek bir hata veya kucuk bir ozellik). Mentor atamasi yapilir - ilk ay boyunca gunluk kisa senkron gorusmeler yapilir."
cumle_bazli,34,Yeni Calisan Oryantasyon Sureci,3,Degerlendirme,41,131,"30 gunun sonunda, yoneticiyle bire bir bir degerlendirme gorusmesi yapilir - surecin nasil gittigi, zorlanilan noktalar konusulur.
"
cumle_bazli,37,YZTA Bootcamp 2026 (2).pdf,0,Giris,48,133,**5 . A K A D E M İ D Ö N E M İ** * *Akademi’de edindiğiniz bilgi ve becerileri gerçek bir projede hayata geçirmeye hazır mısınız?* *
cumle_bazli,37,YZTA Bootcamp 2026 (2).pdf,1,Giris,164,618,"Bootcamp, **öğrendiklerinizi pratiğe dönüştüreceğiniz** , iş dünyasının dinamiklerini birebir deneyimleyeceğiniz ve ekip çalışmasının gücünü keşfedeceğiniz kapsamlı bir proje geliştirme maratonudur. Amacımız, sizi yalnızca teknik açıdan değil; proje yönetimi, takım çalışması ve girişimcilik bakış açısıyla da geleceğe hazırlamaktır. Bu süreçte oluşturacağınız ekiplerle, **çalışır bür ürün geliştirecek** ; Scrum metodolojisini uygulayarak profesyonel bir proje geliştirme deneyimi yaşayacaksınız. Her sprintte ilerlemenizi gösterecek, ekip olarak kararlar alacak ve ortaya çıkardığınız ürünle zirveye oynayacaksınız."
cumle_bazli,37,YZTA Bootcamp 2026 (2).pdf,2,Giris,110,435,"Toplam **6 hafta** sürecek bu heyecan dolu yolculuk boyunca proje yönetimi süreçleriniz belirlenen kriterler doğrultusunda değerlendirilecek, düzenli geri bildirimlerle gelişiminiz desteklenecek ve finalde ortaya çıkardığınız ürün ayrıca puanlanacaktır. Tüm bunların sonunda ise en başarılı projeler arasına girerek ilk 3’te yer alma fırsatı sizi bekliyor. Gerçek bir ekip, gerçek bir ürün ve gerçek bir deneyim… **Şimdi sıra sizde!* *"
cumle_bazli,37,YZTA Bootcamp 2026 (2).pdf,3,Giris,168,620,"Bootcamp ekipleri, farklı yetkinlikleri bir araya getirerek güçlü proje takımları oluşturmak amacıyla tasarlanmıştır. Yapay Zeka ve Veri Bilimi bursiyerleri karma ekipler halinde eşleştirilirken, No-Code/Low-Code bursiyerleri kendi programları içerisinde takımlaştırılmıştır. Her **takım 5 kişiden oluşmakta** olup, gerekli durumlarda ek bir üye dahil edilebilmektedir. Değerlendirme sürecinde Yapay Zeka & Veri Bilimi ekipleri kendi kategorilerinde, No-Code/Low-Code ekipleri ise kendi kategorilerinde yarışacaktır. Ekip içindeki görev dağılımı, çalışma düzeni ve zaman yönetimi **tamamen sizlerin sorumluluğundadır** ."
cumle_bazli,37,YZTA Bootcamp 2026 (2).pdf,4,Giris,170,711,"Bu süreci planlarken takım arkadaşlarınızın eğitim, iş ve kişisel sorumlulukları olabileceğini göz önünde bulundurmanız önemlidir. **6 haftalık Bootcamp** boyunca her ekip üyesinin, proje hedefleri ile kendi günlük sorumlulukları arasında sağlıklı bir denge kurması beklenmektedir. Başarılı ekipler; yalnızca çok çalışan değil, zamanı doğru yöneten, birbirlerinin koşullarını anlayan ve gerektiğinde esneklik gösterebilen ekiplerdir. **Etkili iletişim, karşılıklı anlayış ve ortak sorumluluk bilinciyle** hem bireysel yükünüzü dengeleyebilir hem de takım olarak güçlü sonuçlar ortaya çıkarabilirsiniz. Takımlar açıklandıktan sonra, takım değişikliği talepleri için sınırlı süreli bir başvuru dönemi açılacaktır."
cumle_bazli,37,YZTA Bootcamp 2026 (2).pdf,5,Giris,175,735,"19 Haziran **Cuma günü saat 20.00** sonrasında Slack üzerinden paylaşılacak takım değişikliği formu, **19 Haziran - 21 Haziran arasında** erişime açık olacaktır. Takım değişikliği talebinde bulunmak isteyen bursiyerlerin, form üzerinde taleplerinin gerekçesini açık ve detaylı bir şekilde belirtmeleri beklenmektedir. Başvurular,  ekip tarafından belirlenen kriterler doğrultusunda değerlendirilecektir. **Takım üyelerinden 3 veya daha fazla kişiye ulaşılamaması** ya da **özel bir durumunuzun olması halinde** takım değişikliği değerlendirmesinde dikkate alınabilecek başlıca kriterlerdir. Tüm taleplerin incelenmesinin ardından uygun bulunan başvurular için yeni takım eşleştirmeleri mümkün olan en kısa sürede gerçekleştirilecektir."
cumle_bazli,37,YZTA Bootcamp 2026 (2).pdf,6,Giris,103,448,"Tüm talepler form üzerinde iletilmelidir. Bu sürecin tek seferlik bir fırsat olduğunu hatırlatmak isteriz. Takım değişikliği talebinizin kabul edilmesi ve yeni bir takıma yerleştirilmeniz durumunda, yeniden takım değişikliği yapma veya önceki takımınıza geri dönme hakkınız bulunmamaktadır. Bu nedenle başvurunuzu yapmadan önce mevcut durumunuzu dikkatlice değerlendirmeniz önemlidir. Bu etkinlikte belirli **bir tema kısıtlaması bulunmamaktadır.**"
cumle_bazli,37,YZTA Bootcamp 2026 (2).pdf,7,Giris,129,550,"Katılımcılar farklı sektörlerdeki problemlere yönelik özgün proje fikirleri geliştirebilirler. Ancak her projede yer alması gereken bazı temel özellikler, teknolojiler ve uygulanması beklenen yöntemler bulunmaktadır ve **projelerin bu çerçeve doğrultusunda şekillendirilmesi gerekmektedir.* * Bu süreçte önemli olan, fikir üretim aşamasında çok uzun süre takılı kalmadan hızlıca bir yön belirlemek ve ilerlemeye başlamaktır. Farklı fikirleri değerlendirmek doğal olmakla birlikte, süreci geciktirecek şekilde fikir arayışında kaybolmamanız önemlidir."
cumle_bazli,37,YZTA Bootcamp 2026 (2).pdf,8,Giris,274,823,"Bu nedenle sizden beklentimiz, geliştirmeyi düşündüğünüz proje fikrini 21 Haziran Pazar akşamına kadar kısaca bizimle paylaşmanızdır. Ayrıca her ekipten bir iletişim sorumlusu **(Scrum Master)** ve bir yedek iletişim sorumlusu **(Product Owner)** belirlenmesi gerekmektedir. Bu kişilerin iletişim bilgileri form üzerinden alınacak olup, süreç boyunca oluşabilecek durumlarda akademi ekibi ve asistanlar tarafından bu kişilerle doğrudan iletişime geçilecektir. <!-- Start of picture text --> Bootcamp Takvimi<br>Takımların Açıklanması 2.Sprint Son Sprint<br>12 Haziran 2026 6 Temmuz 2026 20 Temmuz 2026<br>19 Temmuz 2026 02 Ağustos 2026<br>Değerlendirme Süreci<br>İlk Sprint Soru Cevap<br>Top 10 Sunum<br>19 Haziran 2026 6 Temmuz 2026 20.00<br>14 Ağustos<br>5 Temmuz 2026 20 Temmuz 2026 20.00<br><!-- End of picture text -->"
cumle_bazli,37,YZTA Bootcamp 2026 (2).pdf,9,Giris,134,409,"Ekip Bilgileri Formu !!!Doldurulacak!!! _Ekibinizin iletişim sorumlusu ve benzeri bilgileri bizlere ilettiğiniz form https://forms.gle/CrMgeK8Ucd8mEmsE9_ Takım Değiştirme Formu _Bulunduğunuz ekibi değiştirmek için talep açma formu https://forms.gle/KCmRmfQ3PDV2KBhC6_ * *Ekipleriniz 5’er kişi** olacak şekilde rastgele oluşturulacak ve her ekipte Product Owner, Scrum Master ve 3 Developer rolü yer alacaktır."
cumle_bazli,37,YZTA Bootcamp 2026 (2).pdf,10,Giris,92,427,"Scrum rollerinin ekip içinde kimlere ait olacağına takım olarak siz karar vereceksiniz. * *Bootcamp süreci 3 sprint** üzerinden ilerleyecek ve finalde ürün teslimi Scrum Master tarafından Ürün Teslim Formu üzerinden yapılacaktır. Scrum Master aynı zamanda ekip içi iletişimden de sorumlu olacaktır. Product Owner ve Scrum Master’ların yalnızca süreç yönetimi değil, aktif olarak geliştirme sürecine dahil olması beklenmektedir."
cumle_bazli,37,YZTA Bootcamp 2026 (2).pdf,11,Giris,132,531,"Ekip içinde iş dağılımı, kimin ne geliştireceği ve hangi alanlara odaklanılacağı tamamen takımın ortak kararıdır; bu yapıda bir lider bulunmamaktadır ve **tüm ekip eşit sorumlulukla ilerler.* * Süreç boyunca zaman yönetimi, görev paylaşımı, ekip içi koordinasyon, sağlıklı iletişim tamamen ekiplerin kendi sorumluluğundadır. Unutmayın ki ekiplerinizde herkesin aynı konu üzerinde bilgi seviyesi aynı olmayacaktır. Farklılarından beslenmeniz ve akran öğrenimi Akademi’nin tüm süreçlerinde olduğu gibi burada da en kritik kazanımdır."
cumle_bazli,37,YZTA Bootcamp 2026 (2).pdf,12,Giris,105,448,"Gerçek iş hayatında olduğu gibi, oluşabilecek aksaklıkların ekip içinde çözülmesi beklenir. Takımlar oluşturulurken hackathon katılım durumu, cinsiyet ve cohort dengesi gibi kriterler göz önünde bulundurulur. Takımlar 5’er kişilik ve rastgele şekilde atanır; yalnızca **1 kez takım değişikliği hakkı** bulunur ve bu değişiklik de yine rastgele gerçekleştirilir. Scrum rolleri ve sürece dair detaylı bilgiler ilerleyen materyallerde paylaşılacaktır."
cumle_bazli,37,YZTA Bootcamp 2026 (2).pdf,13,Giris,130,542,"Takımınızda Bootcamp’e katılmayan kişiler varsa akademi ekibine bildirebilir ve takımda kalan kişilerle bootcamp’e devam edebilirsiniz. Product Owner’lar ve Scrum Master’ların da yazılım sürecine dahil olmaları beklenmektedir. Scrum Master aynı zamanda iletişim sorumlusu olarak hareket edecektir. Kimin ne ölçüde kod yazacağı, hangi kodları yazacağı, hangi alanla ilgileneceği tamamen **<u>takımınızın kendi ve ortak kararı olacaktır.</u>** Grubun bir lideri yoktur, ekip olarak kendi Scrum rollerinize göre kendi projenizi ilerletmelisiniz."
cumle_bazli,37,YZTA Bootcamp 2026 (2).pdf,14,Giris,151,510,"Grup içerisinde çıkabilecek zaman sıkışıklıkları, takvim yönetimi, yetenek farklılıkları aynı iş hayatında olduğu gibi **<u>grup içerisinde ekstra bir yardım beklenmeden çözülmelidir. </u>** <!-- Start of picture text --> Vizyon<br>Vizyon & Stratejiyi net bir şekilde iletir<br>Release hedeflerini takip eder<br>Ürün<br>Product Backlog yönetimi<br>User stories<br>Önceliklendirme ve yönlendirme<br>Geri bildirimler<br>İş Birliği<br>Stakeholder’lar ile görüşme<br>Takımla görüşme<br><!-- End of picture text -->"
cumle_bazli,37,YZTA Bootcamp 2026 (2).pdf,15,Giris,117,407,"<!-- Start of picture text -->
Rollere Karar Vermek<br>Takım<br>En iyi iş birliği yöntemleri<br>Gerçekçi hedefler, tahminler<br>Organizasyon<br>Rol çatışmalarını yönetmek<br>Süreç<br>Scrum event’lerini yönetmek<br><!-- End of picture text --> <!-- Start of picture text --> DEVELOPMENT TEAM<br><!-- End of picture text --> Her sprint koyulan hedeflere ulaşmak, bir blocker varsa hemen takımı bilgilendirme k"
cumle_bazli,37,YZTA Bootcamp 2026 (2).pdf,16,Giris,44,176,"Developer, Product Owner’ın belirlediği yapılması gereken işleri anlamak - Ürünü geliştirme k Tüm scrum event'lerine katılmak - Sprint backlog’taki user story’leri tahmin etmek"
cumle_bazli,37,YZTA Bootcamp 2026 (2).pdf,17,Giris,147,632,"User Storyleri anlamak ,User Storyleri tahmin etmek, User Storyleri yaratmadaki bilgileri Product Owner’a vermek Teknik olarak, Programmer, UI/UX Designer development takımını oluşturabilir. - Developerlar iyi bir takım oyuncusu olmalı, aynı zamanda da kendi başına organize çalışabilir olmalılar - Cross Functional (Çapraz Fonksiyonlu) olmalılar, yani  Sprint hedefini gerçekleştirebilmek ve elindeki girdileri bir ürüne dönüştürmek için ihtiyaç duyacağı tüm yetkinliklere sahip olması demektir. Developer takımı, her sprint belirlenen hedefi başarmayı amaçlar. Ortaya çıkarılacak ürüne tamamen takım olarak siz karar vereceksiniz."
cumle_bazli,37,YZTA Bootcamp 2026 (2).pdf,18,Giris,135,510,"Ürün tasarlanırken verilen brief ve beklentileri göz önünde bulundurmalısınız. Ürün tamamen ekibiniz tarafından sıfırdan geliştirilmeli ve her adımı GitHub’da açılacak repository içerisinde belgelemelisiniz. **Hazır bir proje kullanmak, satın alma yapmak, dışarıdan destek almak** **<u>diskalifiye sebebi olacaktır.</u>** Takım İsmi Takım Rolleri Ürün İsmi Ürün Açıklaması Ürün Özellikleri Hedef Kitle Product Backlog Sprint, hızlı koşmak anlamına gelse de Scrum bağlamında Türkçe’ye döngü olarak çevrilebilir."
cumle_bazli,37,YZTA Bootcamp 2026 (2).pdf,19,Giris,76,285,"Akademi mezuniyet bootcampi içerisinde 2’şer haftalık olmak üzere toplam 3 sprint vardır. Sprint, Önceden belirlenmiş ve değişmeyen bir süredir. Sprint, işlerin iyi gitmeme riskini düşürmek ve yönetmek için kullanılır. Bir Sprint bittiğinde yeni bir Sprint başlar. Arada boşluk yoktur."
cumle_bazli,37,YZTA Bootcamp 2026 (2).pdf,20,Giris,69,278,"Her Sprint bir Sprint Planning etkinliğiyle başlar ve Sprint Retrospective etkinliğiyle biter. Her Sprint, Scrum Takımı için bir deneydir. Bir önceki Sprint gözlemlenerek bir sonraki Sprint için adaptasyonlar belirlenir. * *Scrum hakkında daha fazla bilgi için Proje Yönetimi 5."
cumle_bazli,37,YZTA Bootcamp 2026 (2).pdf,21,Giris,173,531,Kursu inceleyebilir/tamamlayabilirsiniz.* * <!-- Start of picture text --> Backlog Dağıtma Mantığı<br>Daily Scrum Notları<br>Sprint Board Updates<br>Ürün Durumu<br>Sprint Review<br>Sprint Retrospective<br><!-- End of picture text --> <u>https://github.com/YapayZekaveTeknolojiAkademisi/BootcampScrumTemplate/tree/main</u> - - - <u>https://github.com/kevsoOther/U 21 Cherry Chasers/tree/main https://github.com/olgnbrn/planova https://github.com/IbrmSerhat/GhostOfAnnaScrumExample</u> - - - <u>https://github.com/burakcevheroglu/OUA
cumle_bazli,37,YZTA Bootcamp 2026 (2).pdf,22,Giris,96,351,zaten Bootcamp 2023</u> Slack üzerinden proje yönetimine dair sorularınızı **#bootcamp-2026** kanalından iletebilirsiniz. Sorularınıza **48 saat** içinde geri dönüş alacaksınız. Bootcamp sürecinde sizlere proje yönetimi konularında Academy Club ekibinden **12 kolaylaştırıcı/eğitim asistanı** eşlik edecek. Her takımın atanan 1 eğitim asistanı olacak.
cumle_bazli,37,YZTA Bootcamp 2026 (2).pdf,23,Giris,104,378,"Takımlarınızın asistanları ile tanıştırılacaksınız. Proje yönetimi asistanları sizlere GitHub, Scrum , Agile, proje ve ürün yönetimi gibi konularda destek olacak. Asistanlar ile önden duyurulacak ofis saatlerinde çevrimiçi buluşabileceksiniz. Asistanlar teknik konularda takımlara özel destek sunmayacak. Ürün teslimi **2 Ağustos Pazar 23.59** ’a kadar form üzerinden yapılacak."
cumle_bazli,37,YZTA Bootcamp 2026 (2).pdf,24,Giris,68,266,Her takım için GitHub reposu açılmalı ve public olmalı. Her sprintte ilerleme ve kanıtlar GitHub’a eklenmeli; proje yönetimi değerlendirilecek. Bootcamp sonunda GitHub kayıtları tamamlanmalı. Ürün canlıya alınabiliyorsa link paylaşılabilir (opsiyonel). Son teslimde:
cumle_bazli,37,YZTA Bootcamp 2026 (2).pdf,25,Giris,184,523,"3 dakikalık proje videosu **YouTube** ’a yüklenmeli. Formda istenen sorular eksiksiz doldurulmalı. Tüm teslimler 2 Ağustos 23.59’a kadar tamamlanmalı. |||**Ekstra Puanlar (Academy Club Ekibi**<br>**tarafından doldurulacak)**|**Max Puan**| |---|---|---|---| |**AI (Jüri tarafından puanlanacak)**<br>Yarışmaya hazır, çalışan proje|**Max Puan**<br>10|Yapay Zeka Modeli seçimi, kullanımı,<br>geliştirmesi|20| |Özgünlük|10|AI Agent’ların kullanımı, hafıza,<br>orkestrasyon vb. teknik yönetimlerinin<br>düzgün yapılmış olması|15|"
cumle_bazli,37,YZTA Bootcamp 2026 (2).pdf,26,Giris,163,537,"|Ürün tamamlanma puanı|10|Kod içerisinde mimari yapı<br>kullanımları, temiz kod prensipleri|15| |Pazara uygun, talep görebilecek<br>|10|mevcut|| |uygulama| |Ürün canlıya alınmış veya canlıya|| |||alınabilecek şekilde geliştirilme<br>yapılmış|10| * *Yukarıdaki tablolar, ürünlerinizi ve sunumlarınızı hangi ölçütlere göre hazırlamanız gerektiğini göstermektedir. Bu etkinlikte zorunlu bir proje kıstası bulunmamaktadır; ancak sağ tarafta yer alan tabloda belirtilen özelliklere ürünlerinizde yer vermeniz, sizlere ek puan kazandıracaktır."
cumle_bazli,37,YZTA Bootcamp 2026 (2).pdf,27,Giris,169,541,"Dikkat edilmesi gereken nokta, bu özelliklerin yalnızca eklenmiş olmak için eklendiğinin tespit edilmesi durumunda puan verilmeyeceğidir. Bu sebeple eklediğiniz özellikleri amaca uygun yerlerde kullanımını ve tüm puanları almak için amaç dışına çıkmamanızı öneririz.* * <!-- Start of picture text --> AI (Jüri tarafından puanlanacak) Max Puan<br>İhtiyaç ve Çözüm Eşleşmesi 20<br>Kullanıcı Değeri ve Deneyimi 10<br>Pazar Potansiyeli 10<br>Fonksiyonel Yeterlilik 15<br>Ürün bütünlüğü 10<br>Yapay zeka öğeleri 35<br><!-- End of picture text -->"
cumle_bazli,37,YZTA Bootcamp 2026 (2).pdf,28,Giris,192,530,"|**AI (Jüri tarafından puanlanacak)**|**Max Puan**|**Ekstra Puanlar (Academy Club Ekibi**<br>**tarafından doldurulacak)**|**Max Puan**| |---|---|---|---| |Yarışmaya hazır, çalışan proje|10|Geliştirme platformu ve teknolojilerin|10| |Özgünlük|10|seçimi, uygunluğu|| |Ürün tamamlanma puanı|10|Ürün, tüketici ihtiyacına uygun<br>formatta geliştirilmiş|10| |Kullanma isteği|10|Teknoloji seçimlerinde maliyet|10| |Pazara uygun, talep görebilecek|10|sürdürülebilirliği göz önüne alınmış|| |uygulama| |Ürün canlıya alınmış veya canlıya||"
cumle_bazli,37,YZTA Bootcamp 2026 (2).pdf,29,Giris,181,556,|Ürün bütünlüğü|10|<br>alınabilecek şekilde geliştirilme<br>yapılmış|10| <!-- Start of picture text --> AI (Jüri tarafından puanlanacak) Max Puan<br>İhtiyaç ve Çözüm Eşleşmesi 20<br>Kullanıcı Değeri ve Deneyimi 10<br>Pazar Potansiyeli 10<br>Fonksiyonel Yeterlilik 15<br>Ürün bütünlüğü 10<br>Yapay zeka öğeleri 35<br><!-- End of picture text --> Bootcamp süresince yapılan proje yönetimi ve ortaya çıkan ürün ayrı şekilde değerlendirilecektir. Sprint review’lar sonrasında beklenen dökümanlar GitHub’a konulduğunda bootcamp takımı tarafından puanlanacaktır.
cumle_bazli,37,YZTA Bootcamp 2026 (2).pdf,30,Giris,89,354,3 sprint sonrasında aldığınız puanlar proje yönetim puanınızı ortaya çıkaracaktır. Projeler ve proje sunum videonuz son sprint’in bittiği hafta sizlere iletilecek takım dosyalarına yüklenecektir. Ürününüz ön jüri tarafından puanlanacaktır. İlk 10’a girecek takımlar ürün puanı ve proje yönetimi puanının birlikte değerlendirilmesine göre belirlenecektir.
semantik_stanza,1,Veritabani Temelleri,0,Giris,18,67,"Bu notta PostgreSQL kullanarak veritabani tasarimi anlatilacaktir.
"
semantik_stanza,1,Veritabani Temelleri,1,Normalizasyon,32,107,"Normalizasyon, veri tekrarini onlemek icin kullanilir. 1NF, her sutunun atomik deger icermesini gerektirir."
semantik_stanza,22,Proje Durum Raporu,0,Genel Durum,30,90,"Proje %65 tamamlandı, planlanan teslim tarihi 15 Eylül. Şu an bir hafta gecikme riski var."
semantik_stanza,22,Proje Durum Raporu,1,Tamamlanan Modüller,22,79,"Kullanıcı girişi, profil yönetimi, bildirim sistemi tamamlandı ve test edildi.
"
semantik_stanza,22,Proje Durum Raporu,2,Devam Eden İşler,27,85,"Ödeme entegrasyonu üçüncü parti API'nin dokümantasyon eksikliği nedeniyle yavaşladı.
"
semantik_stanza,22,Proje Durum Raporu,3,Riskler,24,90,Ödeme sağlayıcısıyla teknik destek görüşmesi henüz planlanmadı - bu gecikmeyi büyütebilir.
semantik_stanza,26,Final Sınav Takvimi,0,Hafta 1 (12-16 Ocak),64,140,"- 12 Ocak Pazartesi 09:00 - Veritabanı Yönetim Sistemleri
- 13 Ocak Salı 14:00 - Calculus II
- 15 Ocak Perşembe 09:00 - Elektronik Devreler
"
semantik_stanza,26,Final Sınav Takvimi,1,Hafta 2 (19-23 Ocak),43,95,"- 19 Ocak Pazartesi 09:00 - Sistem Programlama
- 21 Ocak Çarşamba 14:00 - Asenkron Programlama
"
semantik_stanza,26,Final Sınav Takvimi,2,Notlar,39,116,Sınav yerleri sınavdan 3 gün önce ilan edilecek. Mazeret sınavı talepleri için dekanlığa başvuru son tarihi 26 Ocak.
semantik_stanza,27,yapılacaklar listesi,0,Bu Hafta,83,241,"
- [ ] Sprint planlama toplantısı için sunum hazırla
- [ ] Zeynep'in PR'ını gözden geçir
- [ ] Müşteriyle ödeme entegrasyonu görüşmesini planla
- [ ] Q3 bütçe raporunu finans ekibine gönder
- [ ] Yeni işe alım için mülakat sorularını hazırla"
semantik_stanza,30,ATLAS-Edge-AI-Tabanli-Otonom-Lazer-Yabani-Ot-Imha-Robotu (6).pdf,0,Giris,125,459,"ATLAS: Edge AI Tabanlı Otonom Lazer Yabani Ot İmha Robotu ATLAS Projesi, tarımda yaygın olarak kullanılan kimyasal herbisitlere alternatif olarak geliştirilmiş, yapay zeka destekli otonom bir robotik sistemdir. Sistem, sahada internet bağlantısına ihtiyaç duymadan çalışabilen uç bilişim (Edge AI) mimarisi üzerine kuruludur. Amaç, mahsul ve yabani ot ayrımını gerçek zamanlı yaparak yabani otları kök boğazından noktasal şekilde imha etmektir. Problem Tanımı"
semantik_stanza,30,ATLAS-Edge-AI-Tabanli-Otonom-Lazer-Yabani-Ot-Imha-Robotu (6).pdf,1,Giris,303,1138,"Kimyasal herbisitler kısa vadede etkili olsa da uzun vadede toprağın yapısını bozmakta, yeraltı sularına karışmakta ve ürünlerde kalıntı riski oluşturmaktadır. Mekanik çözümler ise yüksek iş gücü gereksinimi ve düşük hassasiyet nedeniyle verim kaybına yol açabilmektedir. Bu durum, çevre dostu, hassas ve otomatik çözümlere olan ihtiyacı artırmaktadır. ATLAS'ın temel hedefi, tarım alanlarında yabani otları mahsule zarar vermeden, kimyasal kullanmadan ve insan müdahalesine gerek kalmadan ortadan kaldırmaktır. Bu amaçla sistem, bitkileri sadece ""nesne"" olarak değil, şekil ve konum bilgileriyle birlikte algılar. Nihai hedef, yüksek doğruluklu algılama ve güvenli imha süreçlerini bir araya getirmektir. Görüntü Alımı Kameradan görüntü yakalama AI Analizi Derin öğrenme ile tespi t Hedefleme İmha Geometrik bilgi işleme Lazer ile noktasal müdahale Sistem, kameradan alınan görüntünün derin öğrenme modeliyle analiz edilmesiyle başlar. Tespit edilen yabani otun geometrik bilgileri işlenerek hedef noktası belirlenir. Bu bilgi, robotun lazer taretine aktarılırken aynı anda navigasyon ve güvenlik modülleriyle senkronize şekilde çalışır."
semantik_stanza,30,ATLAS-Edge-AI-Tabanli-Otonom-Lazer-Yabani-Ot-Imha-Robotu (6).pdf,2,Giris,312,1188,"Yabani otlar düzensiz geometrilere sahip olduğu için klasik bounding box tabanlı yaklaşımlar yeterli hassasiyet sunmamaktadır. ATLAS'ta kullanılan YOLOv8n-seg modeli, bitkilerin piksel tabanlı maskesini çıkararak gerçek şekillerini analiz eder. Bu sayede hedefleme işlemi çok daha hassas yapılabilir. Veri Seti ve Eğitim Stratejisi **Transfer Learning ve Fine-Tune Yaklaşımı:** Model eğitimi sırasında açık kaynak tarım veri setleri temel alınmıştır. Ardından, projenin test edildiği yerel tarla koşullarına ait sınırlı sayıda görüntüyle fine-tune işlemi uygulanmıştır. Bu yöntem, modeli çevresel koşullara karşı daha dayanıklı hale getirmiştir. Özgün Hedefleme Algoritması Crown (Kök Boğazı) Noktası Tespiti 01 02 Segmentasyon Maskesi Alt Bölge Analizi Bitki maskesi elde edilir Kök boğazı bölgesi belirlenir 03 04 Ağırlık Merkezi Hedef Koordinat Geometrik merkez hesaplanır Lazer yönlendirme noktası Segmentasyon sonucunda elde edilen bitki maskesi analiz edilerek kök boğazına karşılık gelen alt bölge belirlenir. Bu bölgenin geometrik ağırlık merkezi hesaplanarak lazerin yönlendirileceği hedef koordinat elde edilir. Böylece yapraklara değil, bitkinin yaşamsal merkezine odaklanılır."
semantik_stanza,30,ATLAS-Edge-AI-Tabanli-Otonom-Lazer-Yabani-Ot-Imha-Robotu (6).pdf,3,Giris,186,720,"Nesne Takibi Robot hareket halindeyken aynı yabani ota birden fazla kez atış yapılmaması için ByteTrack tabanlı takip algoritması kullanılmıştır. Her yabani ota benzersiz bir kimlik atanır ve vurulan otlar sistem belleğinde tutulur. Bu yaklaşım enerji ve zaman verimliliği sağlar. Benzersiz ID Her ot için kimlik Bellek Yönetimi Vurulan otlar kaydedilir Gerçek Zamanlılık ve Gecikme Telafisi Hareket Halinde Hassasiyet Görüntü işleme ile lazer ateşi arasında oluşabilecek gecikmeler hedef şaşmasına neden olabilir. Bu nedenle robotun anlık hızı ve işlem süresi hesaba katılarak hedefin gelecekteki konumu tahmin edilir. Lazer bu tahmini noktaya yönlendirilir. Raspberry Pi 5

Ana kontrol birimi ve sistem koordinasyon

u"
semantik_stanza,30,ATLAS-Edge-AI-Tabanli-Otonom-Lazer-Yabani-Ot-Imha-Robotu (6).pdf,4,Giris,309,1134,"Hailo-8L NPU Edge Computing 13 TOPS yapay zeka işlem gücü İnternet bağlantısı gerektirmez ATLAS'ın ana kontrol birimi Raspberry Pi 5'tir ve sistemdeki yapay zeka yükü Hailo-8L NPU (13 TOPS) üzerine aktarılmıştır. Bu heterojen mimari sayesinde görüntü işleme CPU'yu meşgul etmez ve navigasyon, SLAM gibi görevler kesintisiz çalışabilir. Sistem, internet bağlantısına ihtiyaç duymadan sahada otonom şekilde görev yapabilir. **ROS 2 Altyapısı:** ATLAS'ın tüm yazılım altyapısı, modern robotik sistemlerde endüstri standardı haline gelmiş olan ROS 2 (Robot Operating System 2) üzerinde geliştirilmiştir. ROS 2, gerçek zamanlılığa daha uygun haberleşme altyapısı (DDS) ve dağıtık mimari desteği sayesinde otonom sistemler için yüksek güvenilirlik sunar. Sistem, görevlerine göre ayrılmış bağımsız düğümlerden (nodes) oluşur. Bu yaklaşım, yazılımın modülerliğini artırırken hata toleransını da yükseltir, herhangi bir alt sistemde oluşabilecek hata durumunda tüm sistemin çökmesini engeller. Örneğin görüntü işleme düğümü durduğunda, sürüş ve güvenlik düğümleri çalışmaya devam edebilir.

ATLAS yazılımı üç ana katmanda organize edilmiştir:"
semantik_stanza,30,ATLAS-Edge-AI-Tabanli-Otonom-Lazer-Yabani-Ot-Imha-Robotu (6).pdf,5,Giris,741,2814,"vision_node Kamera verisini alır, YOLOv8-seg modeli ile yabani otları tespit eder ve hedef koordinatları üretir. control_node Motor sürücülerini, servo taret sistemini ve lazeri kontrol eder. Güvenlik kilitleri bu düğüm üzerinden yönetilir. navigation_node SLAM, yol planlama ve hız kontrolünden sorumludur. Düğümler arası haberleşme, ROS 2 topic ve service yapıları üzerinden asenkron olarak gerçekleştirilir. Bu sayede sistem, gerçek zamanlı veri akışını gecikme olmadan sürdürebilir. ATLAS, bilinmeyen ortamlarda kendi konumunu belirleyebilmek ve harita oluşturabilmek için SLAM Toolbox kullanmaktadır. LIDAR sensöründen alınan verilerle 2 boyutlu doluluk haritası (occupancy grid) oluşturulur. Navigasyon için ROS 2 Nav2 yığını kullanılmaktadır. Global planner, robotun A noktasından B noktasına en uygun yolu hesaplar; local planner ise önüne çıkan anlık engellerden kaçınarak bu yolu dinamik şekilde günceller. Böylece robot hem planlı hem de güvenli şekilde hareket edebilir. Robotun genel çalışma mantığı bir durum makinesi (state machine) yaklaşımıyla kurgulanmıştır. Bu yapı, robotun hangi durumda hangi davranışı sergileyeceğini net şekilde tanımlar. Alan taraması Yabani Ot Algılama Hedef tespiti Güvenli Duruş Pozisyon sabitleme Hedefleme Lazer yönlendirme İmha Lazer ateşleme Göreve Devam Döngü tekrarı Bu yaklaşım, sahada öngörülebilir ve güvenli bir davranış sergilenmesini sağlar. ATLAS'ın elektronik altyapısı, tarla koşullarında kararlı çalışmayı hedefleyen bir güç dağıtım mimarisi üzerine kurulmuştur. Sistem, 3S LiPo batarya ile beslenmekte ve elektriksel gürültüyü minimize etmek için ayrı güç hatları kullanılmaktadır. Yüksek Akım Hattı Motorlar için güç kaynağı Lojik Hattı Raspberry Pi için regüle edilmiş, kararlı besleme Aktüatör Hattı Servo ve lazer için ayrı güç Bu ayrım, servo motorların oluşturduğu gürültünün işlemciyi etkilemesini önler. Motor sürüşü, yüksek akım kapasiteli sürücüler aracılığıyla diferansiyel sürüş mimarisiyle sağlanmaktadır. Bu yapı, robotun kendi ekseni etrafında dönebilmesine olanak tanır ve dar alanlarda yüksek manevra kabiliyeti sunar. Düşük seviye zaman hassas görevler (PWM üretimi, enkoder okuma, acil durdurma sinyalleri) yardımcı bir mikrodenetleyici tarafından yönetilir. Raspberry Pi ile seri haberleşme üzerinden koordineli çalışır. Hedef doğruluğu ve robot durma kontrolü Lazer sistemi yalnızca yazılımsal değil, donanımsal güvenlik önlemleriyle de kontrol altına alınmıştır. Lazer rölesi, yalnızca hedef doğruluğu yeterli seviyeye ulaştığında ve robot tamamen duruyorken aktifleşir. Lazer rölesi ile fiziksel güvenlik Buna ek olarak fiziksel acil durdurma (E-Stop) butonu, ana güç hattını keserek sistemin güvenli duruma geçmesini sağlar. Bu yaklaşım, saha kullanımı için kritik öneme sahiptir. Acil Durdurma E-Stop butonu ile ana güç kesim

i"
semantik_stanza,30,ATLAS-Edge-AI-Tabanli-Otonom-Lazer-Yabani-Ot-Imha-Robotu (6).pdf,6,Giris,161,600,"Uç bilişim mimarisi sayesinde gerçek zamanlı, modüler ve ölçeklenebilir bir sistem sunar. Verimli işlem gücü ve hızlı karar alma yeteneği ile sahada üstün performans gösterir. Çevresel Sürdürülebilirlik Kimyasalsız yabani ot imha yaklaşımı, çevresel etkiyi azaltır ve hassas hedefleme ile mahsule zarar riskini minimize eder. Daha sağlıklı ve verimli tarım uygulamaları sağlar. Tarımda Uygulanabilirlik İleri seviye robotik ve yapay zekâ teknolojilerinin tarım sektörüne başarılı bir şekilde entegrasyonunu gösterir. Otonom çalışma kabiliyeti ile iş gücü maliyetlerini düşürür ve verimliliği artırır."
semantik_stanza,33,Butce Degerlendirme Toplantisi,0,Katilimcilar,18,48,"Finans ekibi, Ayse (PM), departman yoneticiler i"
semantik_stanza,33,Butce Degerlendirme Toplantisi,1,Konusulanlar,45,142,Q2 harcamalari planlanan butcenin %8 uzerinde gerceklesti. En buyuk sapma bulut altyapi maliyetlerinde - trafik artisi beklenenden fazla oldu.
semantik_stanza,33,Butce Degerlendirme Toplantisi,2,Alinan Kararlar,58,173,"- Bulut maliyetleri icin ayri bir izleme paneli kurulacak
- Q3 butcesi %10 marj ile yeniden planlanacak
- Aylik butce takip toplantisi baslatilacak, ilk toplantı 15 Agustos
"
semantik_stanza,34,Yeni Calisan Oryantasyon Sureci,0,Yeni Calisan Oryantasyon Sureci,29,92,"
Bu dokuman, yeni baslayan bir calisanin ilk haftasinda izlenmesi gereken adimlari anlatir.
"
semantik_stanza,34,Yeni Calisan Oryantasyon Sureci,1,Ilk Gun,55,171,"Hesap erisimleri (e-posta, Slack, kod deposu) IK tarafindan onceden hazirlanmis olmali. Yeni calisan, takim liderinden proje mimarisi hakkinda kisa bir bilgilendirme alir."
semantik_stanza,34,Yeni Calisan Oryantasyon Sureci,2,Ilk Hafta,59,191,"Gelistirme ortami kurulumu tamamlanir, kucuk bir warm-up gorev atanir (gercek bir hata veya kucuk bir ozellik). Mentor atamasi yapilir - ilk ay boyunca gunluk kisa senkron gorusmeler yapilir."
semantik_stanza,34,Yeni Calisan Oryantasyon Sureci,3,Degerlendirme,41,131,"30 gunun sonunda, yoneticiyle bire bir bir degerlendirme gorusmesi yapilir - surecin nasil gittigi, zorlanilan noktalar konusulur.
"
semantik_stanza,37,YZTA Bootcamp 2026 (2).pdf,0,Giris,48,133,**5 . A K A D E M İ D Ö N E M İ** * *Akademi’de edindiğiniz bilgi ve becerileri gerçek bir projede hayata geçirmeye hazır mısınız?* *
semantik_stanza,37,YZTA Bootcamp 2026 (2).pdf,1,Giris,273,1054,"Bootcamp, **öğrendiklerinizi pratiğe dönüştüreceğiniz** , iş dünyasının dinamiklerini birebir deneyimleyeceğiniz ve ekip çalışmasının gücünü keşfedeceğiniz kapsamlı bir proje geliştirme maratonudur. Amacımız, sizi yalnızca teknik açıdan değil; proje yönetimi, takım çalışması ve girişimcilik bakış açısıyla da geleceğe hazırlamaktır. Bu süreçte oluşturacağınız ekiplerle, **çalışır bür ürün geliştirecek** ; Scrum metodolojisini uygulayarak profesyonel bir proje geliştirme deneyimi yaşayacaksınız. Her sprintte ilerlemenizi gösterecek, ekip olarak kararlar alacak ve ortaya çıkardığınız ürünle zirveye oynayacaksınız. Toplam **6 hafta** sürecek bu heyecan dolu yolculuk boyunca proje yönetimi süreçleriniz belirlenen kriterler doğrultusunda değerlendirilecek, düzenli geri bildirimlerle gelişiminiz desteklenecek ve finalde ortaya çıkardığınız ürün ayrıca puanlanacaktır. Tüm bunların sonunda ise en başarılı projeler arasına girerek ilk 3’te yer alma fırsatı sizi bekliyor. Gerçek bir ekip, gerçek bir ürün ve gerçek bir deneyim… **Şimdi sıra sizde!* *"
semantik_stanza,37,YZTA Bootcamp 2026 (2).pdf,2,Giris,594,2453,"Bootcamp ekipleri, farklı yetkinlikleri bir araya getirerek güçlü proje takımları oluşturmak amacıyla tasarlanmıştır. Yapay Zeka ve Veri Bilimi bursiyerleri karma ekipler halinde eşleştirilirken, No-Code/Low-Code bursiyerleri kendi programları içerisinde takımlaştırılmıştır. Her **takım 5 kişiden oluşmakta** olup, gerekli durumlarda ek bir üye dahil edilebilmektedir. Değerlendirme sürecinde Yapay Zeka & Veri Bilimi ekipleri kendi kategorilerinde, No-Code/Low-Code ekipleri ise kendi kategorilerinde yarışacaktır. Ekip içindeki görev dağılımı, çalışma düzeni ve zaman yönetimi **tamamen sizlerin sorumluluğundadır** . Bu süreci planlarken takım arkadaşlarınızın eğitim, iş ve kişisel sorumlulukları olabileceğini göz önünde bulundurmanız önemlidir. **6 haftalık Bootcamp** boyunca her ekip üyesinin, proje hedefleri ile kendi günlük sorumlulukları arasında sağlıklı bir denge kurması beklenmektedir. Başarılı ekipler; yalnızca çok çalışan değil, zamanı doğru yöneten, birbirlerinin koşullarını anlayan ve gerektiğinde esneklik gösterebilen ekiplerdir. **Etkili iletişim, karşılıklı anlayış ve ortak sorumluluk bilinciyle** hem bireysel yükünüzü dengeleyebilir hem de takım olarak güçlü sonuçlar ortaya çıkarabilirsiniz. Takımlar açıklandıktan sonra, takım değişikliği talepleri için sınırlı süreli bir başvuru dönemi açılacaktır. 19 Haziran **Cuma günü saat 20.00** sonrasında Slack üzerinden paylaşılacak takım değişikliği formu, **19 Haziran - 21 Haziran arasında** erişime açık olacaktır. Takım değişikliği talebinde bulunmak isteyen bursiyerlerin, form üzerinde taleplerinin gerekçesini açık ve detaylı bir şekilde belirtmeleri beklenmektedir. Başvurular,  ekip tarafından belirlenen kriterler doğrultusunda değerlendirilecektir. **Takım üyelerinden 3 veya daha fazla kişiye ulaşılamaması** ya da **özel bir durumunuzun olması halinde** takım değişikliği değerlendirmesinde dikkate alınabilecek başlıca kriterlerdir. Tüm taleplerin incelenmesinin ardından uygun bulunan başvurular için yeni takım eşleştirmeleri mümkün olan en kısa sürede gerçekleştirilecektir. Tüm talepler form üzerinde iletilmelidir. Bu sürecin tek seferlik bir fırsat olduğunu hatırlatmak isteriz. Takım değişikliği talebinizin kabul edilmesi ve yeni bir takıma yerleştirilmeniz durumunda, yeniden takım değişikliği yapma veya önceki takımınıza geri dönme hakkınız bulunmamaktadır. Bu nedenle başvurunuzu yapmadan önce mevcut durumunuzu dikkatlice değerlendirmeniz önemlidir."
semantik_stanza,37,YZTA Bootcamp 2026 (2).pdf,3,Giris,82,354,"Bu etkinlikte belirli **bir tema kısıtlaması bulunmamaktadır.** Katılımcılar farklı sektörlerdeki problemlere yönelik özgün proje fikirleri geliştirebilirler. Ancak her projede yer alması gereken bazı temel özellikler, teknolojiler ve uygulanması beklenen yöntemler bulunmaktadır ve **projelerin bu çerçeve doğrultusunda şekillendirilmesi gerekmektedir.*"
semantik_stanza,37,YZTA Bootcamp 2026 (2).pdf,4,Giris,172,719,"* Bu süreçte önemli olan, fikir üretim aşamasında çok uzun süre takılı kalmadan hızlıca bir yön belirlemek ve ilerlemeye başlamaktır. Farklı fikirleri değerlendirmek doğal olmakla birlikte, süreci geciktirecek şekilde fikir arayışında kaybolmamanız önemlidir. Bu nedenle sizden beklentimiz, geliştirmeyi düşündüğünüz proje fikrini 21 Haziran Pazar akşamına kadar kısaca bizimle paylaşmanızdır. Ayrıca her ekipten bir iletişim sorumlusu **(Scrum Master)** ve bir yedek iletişim sorumlusu **(Product Owner)** belirlenmesi gerekmektedir. Bu kişilerin iletişim bilgileri form üzerinden alınacak olup, süreç boyunca oluşabilecek durumlarda akademi ekibi ve asistanlar tarafından bu kişilerle doğrudan iletişime geçilecektir."
semantik_stanza,37,YZTA Bootcamp 2026 (2).pdf,5,Giris,262,633,<!-- Start of picture text --> Bootcamp Takvimi<br>Takımların Açıklanması 2.Sprint Son Sprint<br>12 Haziran 2026 6 Temmuz 2026 20 Temmuz 2026<br>19 Temmuz 2026 02 Ağustos 2026<br>Değerlendirme Süreci<br>İlk Sprint Soru Cevap<br>Top 10 Sunum<br>19 Haziran 2026 6 Temmuz 2026 20.00<br>14 Ağustos<br>5 Temmuz 2026 20 Temmuz 2026 20.00<br><!-- End of picture text --> Ekip Bilgileri Formu !!!Doldurulacak!!! _Ekibinizin iletişim sorumlusu ve benzeri bilgileri bizlere ilettiğiniz form https://forms.gle/CrMgeK8Ucd8mEmsE9_ Takım Değiştirme Formu _Bulunduğunuz ekibi değiştirmek için talep açma formu https://forms.gle/KCmRmfQ3PDV2KBhC6_ *
semantik_stanza,37,YZTA Bootcamp 2026 (2).pdf,6,Giris,60,230,"*Ekipleriniz 5’er kişi** olacak şekilde rastgele oluşturulacak ve her ekipte Product Owner, Scrum Master ve 3 Developer rolü yer alacaktır. Scrum rollerinin ekip içinde kimlere ait olacağına takım olarak siz karar vereceksiniz.

*"
semantik_stanza,37,YZTA Bootcamp 2026 (2).pdf,7,Giris,124,532,"*Bootcamp süreci 3 sprint** üzerinden ilerleyecek ve finalde ürün teslimi Scrum Master tarafından Ürün Teslim Formu üzerinden yapılacaktır. Scrum Master aynı zamanda ekip içi iletişimden de sorumlu olacaktır. Product Owner ve Scrum Master’ların yalnızca süreç yönetimi değil, aktif olarak geliştirme sürecine dahil olması beklenmektedir. Ekip içinde iş dağılımı, kimin ne geliştireceği ve hangi alanlara odaklanılacağı tamamen takımın ortak kararıdır; bu yapıda bir lider bulunmamaktadır ve **tüm ekip eşit sorumlulukla ilerler.*

*"
semantik_stanza,37,YZTA Bootcamp 2026 (2).pdf,8,Giris,597,2342,"Süreç boyunca zaman yönetimi, görev paylaşımı, ekip içi koordinasyon, sağlıklı iletişim tamamen ekiplerin kendi sorumluluğundadır. Unutmayın ki ekiplerinizde herkesin aynı konu üzerinde bilgi seviyesi aynı olmayacaktır. Farklılarından beslenmeniz ve akran öğrenimi Akademi’nin tüm süreçlerinde olduğu gibi burada da en kritik kazanımdır. Gerçek iş hayatında olduğu gibi, oluşabilecek aksaklıkların ekip içinde çözülmesi beklenir. Takımlar oluşturulurken hackathon katılım durumu, cinsiyet ve cohort dengesi gibi kriterler göz önünde bulundurulur. Takımlar 5’er kişilik ve rastgele şekilde atanır; yalnızca **1 kez takım değişikliği hakkı** bulunur ve bu değişiklik de yine rastgele gerçekleştirilir. Scrum rolleri ve sürece dair detaylı bilgiler ilerleyen materyallerde paylaşılacaktır. Takımınızda Bootcamp’e katılmayan kişiler varsa akademi ekibine bildirebilir ve takımda kalan kişilerle bootcamp’e devam edebilirsiniz. Product Owner’lar ve Scrum Master’ların da yazılım sürecine dahil olmaları beklenmektedir. Scrum Master aynı zamanda iletişim sorumlusu olarak hareket edecektir. Kimin ne ölçüde kod yazacağı, hangi kodları yazacağı, hangi alanla ilgileneceği tamamen **<u>takımınızın kendi ve ortak kararı olacaktır.</u>** Grubun bir lideri yoktur, ekip olarak kendi Scrum rollerinize göre kendi projenizi ilerletmelisiniz. Grup içerisinde çıkabilecek zaman sıkışıklıkları, takvim yönetimi, yetenek farklılıkları aynı iş hayatında olduğu gibi **<u>grup içerisinde ekstra bir yardım beklenmeden çözülmelidir. </u>** <!-- Start of picture text --> Vizyon<br>Vizyon & Stratejiyi net bir şekilde iletir<br>Release hedeflerini takip eder<br>Ürün<br>Product Backlog yönetimi<br>User stories<br>Önceliklendirme ve yönlendirme<br>Geri bildirimler<br>İş Birliği<br>Stakeholder’lar ile görüşme<br>Takımla görüşme<br><!-- End of picture text --> <!-- Start of picture text -->
Rollere Karar Vermek<br>Takım<br>En iyi iş birliği yöntemleri<br>Gerçekçi hedefler, tahminler<br>Organizasyon<br>Rol çatışmalarını yönetmek<br>Süreç<br>Scrum event’lerini yönetmek<br><!-- End of picture text --> <!-- Start of picture text --> DEVELOPMENT TEAM<br><!-- End of picture text --> Her sprint koyulan hedeflere ulaşmak, bir blocker varsa hemen takımı bilgilendirme k Developer, Product Owner’ın belirlediği yapılması gereken işleri anlamak - Ürünü geliştirme k"
semantik_stanza,37,YZTA Bootcamp 2026 (2).pdf,9,Giris,782,2980,"Tüm scrum event'lerine katılmak - Sprint backlog’taki user story’leri tahmin etmek User Storyleri anlamak ,User Storyleri tahmin etmek, User Storyleri yaratmadaki bilgileri Product Owner’a vermek Teknik olarak, Programmer, UI/UX Designer development takımını oluşturabilir. - Developerlar iyi bir takım oyuncusu olmalı, aynı zamanda da kendi başına organize çalışabilir olmalılar - Cross Functional (Çapraz Fonksiyonlu) olmalılar, yani  Sprint hedefini gerçekleştirebilmek ve elindeki girdileri bir ürüne dönüştürmek için ihtiyaç duyacağı tüm yetkinliklere sahip olması demektir. Developer takımı, her sprint belirlenen hedefi başarmayı amaçlar. Ortaya çıkarılacak ürüne tamamen takım olarak siz karar vereceksiniz. Ürün tasarlanırken verilen brief ve beklentileri göz önünde bulundurmalısınız. Ürün tamamen ekibiniz tarafından sıfırdan geliştirilmeli ve her adımı GitHub’da açılacak repository içerisinde belgelemelisiniz. **Hazır bir proje kullanmak, satın alma yapmak, dışarıdan destek almak** **<u>diskalifiye sebebi olacaktır.</u>** Takım İsmi Takım Rolleri Ürün İsmi Ürün Açıklaması Ürün Özellikleri Hedef Kitle Product Backlog Sprint, hızlı koşmak anlamına gelse de Scrum bağlamında Türkçe’ye döngü olarak çevrilebilir. Akademi mezuniyet bootcampi içerisinde 2’şer haftalık olmak üzere toplam 3 sprint vardır. Sprint, Önceden belirlenmiş ve değişmeyen bir süredir. Sprint, işlerin iyi gitmeme riskini düşürmek ve yönetmek için kullanılır. Bir Sprint bittiğinde yeni bir Sprint başlar. Arada boşluk yoktur. Her Sprint bir Sprint Planning etkinliğiyle başlar ve Sprint Retrospective etkinliğiyle biter. Her Sprint, Scrum Takımı için bir deneydir. Bir önceki Sprint gözlemlenerek bir sonraki Sprint için adaptasyonlar belirlenir. * *Scrum hakkında daha fazla bilgi için Proje Yönetimi 5. Kursu inceleyebilir/tamamlayabilirsiniz.* * <!-- Start of picture text --> Backlog Dağıtma Mantığı<br>Daily Scrum Notları<br>Sprint Board Updates<br>Ürün Durumu<br>Sprint Review<br>Sprint Retrospective<br><!-- End of picture text --> <u>https://github.com/YapayZekaveTeknolojiAkademisi/BootcampScrumTemplate/tree/main</u> - - - <u>https://github.com/kevsoOther/U 21 Cherry Chasers/tree/main https://github.com/olgnbrn/planova https://github.com/IbrmSerhat/GhostOfAnnaScrumExample</u> - - - <u>https://github.com/burakcevheroglu/OUA zaten Bootcamp 2023</u> Slack üzerinden proje yönetimine dair sorularınızı **#bootcamp-2026** kanalından iletebilirsiniz. Sorularınıza **48 saat** içinde geri dönüş alacaksınız. Bootcamp sürecinde sizlere proje yönetimi konularında Academy Club ekibinden **12 kolaylaştırıcı/eğitim asistanı** eşlik edecek. Her takımın atanan 1 eğitim asistanı olacak. Takımlarınızın asistanları ile tanıştırılacaksınız. Proje yönetimi asistanları sizlere GitHub, Scrum , Agile, proje ve ürün yönetimi gibi konularda destek olacak. Asistanlar ile önden duyurulacak ofis saatlerinde çevrimiçi buluşabileceksiniz. Asistanlar teknik konularda takımlara özel destek sunmayacak."
semantik_stanza,37,YZTA Bootcamp 2026 (2).pdf,10,Giris,25,73,Ürün teslimi **2 Ağustos Pazar 23.59** ’a kadar form üzerinden yapılacak.
semantik_stanza,37,YZTA Bootcamp 2026 (2).pdf,11,Giris,48,191,Her takım için GitHub reposu açılmalı ve public olmalı. Her sprintte ilerleme ve kanıtlar GitHub’a eklenmeli; proje yönetimi değerlendirilecek. Bootcamp sonunda GitHub kayıtları tamamlanmalı.
semantik_stanza,37,YZTA Bootcamp 2026 (2).pdf,12,Giris,39,127,Ürün canlıya alınabiliyorsa link paylaşılabilir (opsiyonel). Son teslimde: 3 dakikalık proje videosu **YouTube** ’a yüklenmeli.
semantik_stanza,37,YZTA Bootcamp 2026 (2).pdf,13,Giris,713,2154,"Formda istenen sorular eksiksiz doldurulmalı. Tüm teslimler 2 Ağustos 23.59’a kadar tamamlanmalı. |||**Ekstra Puanlar (Academy Club Ekibi**<br>**tarafından doldurulacak)**|**Max Puan**| |---|---|---|---| |**AI (Jüri tarafından puanlanacak)**<br>Yarışmaya hazır, çalışan proje|**Max Puan**<br>10|Yapay Zeka Modeli seçimi, kullanımı,<br>geliştirmesi|20| |Özgünlük|10|AI Agent’ların kullanımı, hafıza,<br>orkestrasyon vb. teknik yönetimlerinin<br>düzgün yapılmış olması|15| |Ürün tamamlanma puanı|10|Kod içerisinde mimari yapı<br>kullanımları, temiz kod prensipleri|15| |Pazara uygun, talep görebilecek<br>|10|mevcut|| |uygulama| |Ürün canlıya alınmış veya canlıya|| |||alınabilecek şekilde geliştirilme<br>yapılmış|10| * *Yukarıdaki tablolar, ürünlerinizi ve sunumlarınızı hangi ölçütlere göre hazırlamanız gerektiğini göstermektedir. Bu etkinlikte zorunlu bir proje kıstası bulunmamaktadır; ancak sağ tarafta yer alan tabloda belirtilen özelliklere ürünlerinizde yer vermeniz, sizlere ek puan kazandıracaktır. Dikkat edilmesi gereken nokta, bu özelliklerin yalnızca eklenmiş olmak için eklendiğinin tespit edilmesi durumunda puan verilmeyeceğidir. Bu sebeple eklediğiniz özellikleri amaca uygun yerlerde kullanımını ve tüm puanları almak için amaç dışına çıkmamanızı öneririz.* * <!-- Start of picture text --> AI (Jüri tarafından puanlanacak) Max Puan<br>İhtiyaç ve Çözüm Eşleşmesi 20<br>Kullanıcı Değeri ve Deneyimi 10<br>Pazar Potansiyeli 10<br>Fonksiyonel Yeterlilik 15<br>Ürün bütünlüğü 10<br>Yapay zeka öğeleri 35<br><!-- End of picture text --> |**AI (Jüri tarafından puanlanacak)**|**Max Puan**|**Ekstra Puanlar (Academy Club Ekibi**<br>**tarafından doldurulacak)**|**Max Puan**| |---|---|---|---| |Yarışmaya hazır, çalışan proje|10|Geliştirme platformu ve teknolojilerin|10| |Özgünlük|10|seçimi, uygunluğu|| |Ürün tamamlanma puanı|10|Ürün, tüketici ihtiyacına uygun<br>formatta geliştirilmiş|10| |Kullanma isteği|10|Teknoloji seçimlerinde maliyet|10| |Pazara uygun, talep görebilecek|10|sürdürülebilirliği göz önüne alınmış|| |uygulama| |Ürün canlıya alınmış veya canlıya|| |Ürün bütünlüğü|10|<br>alınabilecek şekilde geliştirilme<br>yapılmış|10|"
semantik_stanza,37,YZTA Bootcamp 2026 (2).pdf,14,Giris,242,838,<!-- Start of picture text --> AI (Jüri tarafından puanlanacak) Max Puan<br>İhtiyaç ve Çözüm Eşleşmesi 20<br>Kullanıcı Değeri ve Deneyimi 10<br>Pazar Potansiyeli 10<br>Fonksiyonel Yeterlilik 15<br>Ürün bütünlüğü 10<br>Yapay zeka öğeleri 35<br><!-- End of picture text --> Bootcamp süresince yapılan proje yönetimi ve ortaya çıkan ürün ayrı şekilde değerlendirilecektir. Sprint review’lar sonrasında beklenen dökümanlar GitHub’a konulduğunda bootcamp takımı tarafından puanlanacaktır. 3 sprint sonrasında aldığınız puanlar proje yönetim puanınızı ortaya çıkaracaktır. Projeler ve proje sunum videonuz son sprint’in bittiği hafta sizlere iletilecek takım dosyalarına yüklenecektir. Ürününüz ön jüri tarafından puanlanacaktır. İlk 10’a girecek takımlar ürün puanı ve proje yönetimi puanının birlikte değerlendirilmesine göre belirlenecektir.
overlap_recursive,1,Veritabani Temelleri,0,Giris,17,66,Bu notta PostgreSQL kullanarak veritabani tasarimi anlatilacaktir.
overlap_recursive,1,Veritabani Temelleri,1,Normalizasyon,32,107,"Normalizasyon, veri tekrarini onlemek icin kullanilir. 1NF, her sutunun atomik deger icermesini gerektirir."
overlap_recursive,22,Proje Durum Raporu,0,Genel Durum,30,90,"Proje %65 tamamlandı, planlanan teslim tarihi 15 Eylül. Şu an bir hafta gecikme riski var."
overlap_recursive,22,Proje Durum Raporu,1,Tamamlanan Modüller,21,78,"Kullanıcı girişi, profil yönetimi, bildirim sistemi tamamlandı ve test edildi."
overlap_recursive,22,Proje Durum Raporu,2,Devam Eden İşler,26,84,Ödeme entegrasyonu üçüncü parti API'nin dokümantasyon eksikliği nedeniyle yavaşladı.
overlap_recursive,22,Proje Durum Raporu,3,Riskler,24,90,Ödeme sağlayıcısıyla teknik destek görüşmesi henüz planlanmadı - bu gecikmeyi büyütebilir.
overlap_recursive,26,Final Sınav Takvimi,0,Hafta 1 (12-16 Ocak),63,139,"- 12 Ocak Pazartesi 09:00 - Veritabanı Yönetim Sistemleri
- 13 Ocak Salı 14:00 - Calculus II
- 15 Ocak Perşembe 09:00 - Elektronik Devreler"
overlap_recursive,26,Final Sınav Takvimi,1,Hafta 2 (19-23 Ocak),42,94,"- 19 Ocak Pazartesi 09:00 - Sistem Programlama
- 21 Ocak Çarşamba 14:00 - Asenkron Programlama"
overlap_recursive,26,Final Sınav Takvimi,2,Notlar,39,116,Sınav yerleri sınavdan 3 gün önce ilan edilecek. Mazeret sınavı talepleri için dekanlığa başvuru son tarihi 26 Ocak.
overlap_recursive,27,yapılacaklar listesi,0,Bu Hafta,82,240,"- [ ] Sprint planlama toplantısı için sunum hazırla
- [ ] Zeynep'in PR'ını gözden geçir
- [ ] Müşteriyle ödeme entegrasyonu görüşmesini planla
- [ ] Q3 bütçe raporunu finans ekibine gönder
- [ ] Yeni işe alım için mülakat sorularını hazırla"
overlap_recursive,30,ATLAS-Edge-AI-Tabanli-Otonom-Lazer-Yabani-Ot-Imha-Robotu (6).pdf,0,Giris,1640,6065,"ATLAS: Edge AI Tabanlı Otonom Lazer Yabani Ot İmha Robotu 

ATLAS Projesi, tarımda yaygın olarak kullanılan kimyasal herbisitlere alternatif olarak geliştirilmiş, yapay zeka destekli otonom bir robotik sistemdir. Sistem, sahada internet bağlantısına ihtiyaç duymadan çalışabilen uç bilişim (Edge AI) mimarisi üzerine kuruludur. Amaç, mahsul ve yabani ot ayrımını gerçek zamanlı yaparak yabani otları kök boğazından noktasal şekilde imha etmektir. 

Problem Tanımı 



Kimyasal herbisitler kısa vadede etkili olsa da uzun vadede toprağın yapısını bozmakta, yeraltı sularına karışmakta ve ürünlerde kalıntı riski oluşturmaktadır. Mekanik çözümler ise yüksek iş gücü gereksinimi ve düşük hassasiyet nedeniyle verim kaybına yol açabilmektedir. Bu durum, çevre dostu, hassas ve otomatik çözümlere olan ihtiyacı artırmaktadır. 





ATLAS'ın temel hedefi, tarım alanlarında yabani otları mahsule zarar vermeden, kimyasal kullanmadan ve insan müdahalesine gerek kalmadan ortadan kaldırmaktır. Bu amaçla sistem, bitkileri sadece ""nesne"" olarak değil, şekil ve konum bilgileriyle birlikte algılar. Nihai hedef, yüksek doğruluklu algılama ve güvenli imha süreçlerini bir araya getirmektir. 









Görüntü Alımı Kameradan görüntü yakalama 

AI Analizi Derin öğrenme ile tespit 



Hedefleme İmha Geometrik bilgi işleme Lazer ile noktasal müdahale 

Sistem, kameradan alınan görüntünün derin öğrenme modeliyle analiz edilmesiyle başlar. Tespit edilen yabani otun geometrik bilgileri işlenerek hedef noktası belirlenir. Bu bilgi, robotun lazer taretine aktarılırken aynı anda navigasyon ve güvenlik modülleriyle senkronize şekilde çalışır. 





Yabani otlar düzensiz geometrilere sahip olduğu için klasik bounding box tabanlı yaklaşımlar yeterli hassasiyet sunmamaktadır. ATLAS'ta kullanılan YOLOv8n-seg modeli, bitkilerin piksel tabanlı maskesini çıkararak gerçek şekillerini analiz eder. Bu sayede hedefleme işlemi çok daha hassas yapılabilir. Veri Seti ve Eğitim Stratejisi 

**Transfer Learning ve Fine-Tune Yaklaşımı:** Model eğitimi sırasında açık kaynak tarım veri setleri temel alınmıştır. Ardından, projenin test edildiği yerel tarla koşullarına ait sınırlı sayıda görüntüyle fine-tune işlemi uygulanmıştır. Bu yöntem, modeli çevresel koşullara karşı daha dayanıklı hale getirmiştir. 

Özgün Hedefleme Algoritması Crown (Kök Boğazı) Noktası Tespiti 

01 02 Segmentasyon Maskesi Alt Bölge Analizi Bitki maskesi elde edilir Kök boğazı bölgesi belirlenir 03 04 Ağırlık Merkezi Hedef Koordinat Geometrik merkez hesaplanır Lazer yönlendirme noktası Segmentasyon sonucunda elde edilen bitki maskesi analiz edilerek kök boğazına karşılık gelen alt bölge belirlenir. Bu bölgenin geometrik ağırlık merkezi hesaplanarak lazerin yönlendirileceği hedef koordinat elde edilir. Böylece yapraklara değil, bitkinin yaşamsal merkezine odaklanılır. 

Nesne Takibi 



Robot hareket halindeyken aynı yabani ota birden fazla kez atış yapılmaması için ByteTrack tabanlı takip algoritması kullanılmıştır. Her yabani ota benzersiz bir kimlik atanır ve vurulan otlar sistem belleğinde tutulur. Bu yaklaşım enerji ve zaman verimliliği sağlar. 

Benzersiz ID Her ot için kimlik Bellek Yönetimi Vurulan otlar kaydedilir 

Gerçek Zamanlılık ve Gecikme Telafisi Hareket Halinde Hassasiyet Görüntü işleme ile lazer ateşi arasında oluşabilecek gecikmeler hedef şaşmasına neden olabilir. Bu nedenle robotun anlık hızı ve işlem süresi hesaba katılarak hedefin gelecekteki konumu tahmin edilir. Lazer bu tahmini noktaya yönlendirilir. 





Raspberry Pi 5 

Ana kontrol birimi ve sistem koordinasyonu 

Hailo-8L NPU Edge Computing 13 TOPS yapay zeka işlem gücü İnternet bağlantısı gerektirmez 

ATLAS'ın ana kontrol birimi Raspberry Pi 5'tir ve sistemdeki yapay zeka yükü Hailo-8L NPU (13 TOPS) üzerine aktarılmıştır. Bu heterojen mimari sayesinde görüntü işleme CPU'yu meşgul etmez ve navigasyon, SLAM gibi görevler kesintisiz çalışabilir. Sistem, internet bağlantısına ihtiyaç duymadan sahada otonom şekilde görev yapabilir. 

**ROS 2 Altyapısı:** ATLAS'ın tüm yazılım altyapısı, modern robotik sistemlerde endüstri standardı haline gelmiş olan ROS 2 (Robot Operating System 2) üzerinde geliştirilmiştir. ROS 2, gerçek zamanlılığa daha uygun haberleşme altyapısı (DDS) ve dağıtık mimari desteği sayesinde otonom sistemler için yüksek güvenilirlik sunar. 

Sistem, görevlerine göre ayrılmış bağımsız düğümlerden (nodes) oluşur. Bu yaklaşım, yazılımın modülerliğini artırırken hata toleransını da yükseltir, herhangi bir alt sistemde oluşabilecek hata durumunda tüm sistemin çökmesini engeller. Örneğin görüntü işleme düğümü durduğunda, sürüş ve güvenlik düğümleri çalışmaya devam edebilir. 





ATLAS yazılımı üç ana katmanda organize edilmiştir: 

vision_node Kamera verisini alır, YOLOv8-seg modeli ile yabani otları tespit eder ve hedef koordinatları üretir. 

control_node Motor sürücülerini, servo taret sistemini ve lazeri kontrol eder. Güvenlik kilitleri bu düğüm üzerinden yönetilir. 

navigation_node SLAM, yol planlama ve hız kontrolünden sorumludur. 

Düğümler arası haberleşme, ROS 2 topic ve service yapıları üzerinden asenkron olarak gerçekleştirilir. Bu sayede sistem, gerçek zamanlı veri akışını gecikme olmadan sürdürebilir. 









ATLAS, bilinmeyen ortamlarda kendi konumunu belirleyebilmek ve harita oluşturabilmek için SLAM Toolbox kullanmaktadır. LIDAR sensöründen alınan verilerle 2 boyutlu doluluk haritası (occupancy grid) oluşturulur. 



Navigasyon için ROS 2 Nav2 yığını kullanılmaktadır. Global planner, robotun A noktasından B noktasına en uygun yolu hesaplar; local planner ise önüne çıkan anlık engellerden kaçınarak bu yolu dinamik şekilde günceller. Böylece robot hem planlı hem de güvenli şekilde hareket edebilir. 





Robotun genel çalışma mantığı bir durum makinesi (state machine) yaklaşımıyla kurgulanmıştır. Bu yapı, robotun hangi durumda hangi davranışı sergileyeceğini net şekilde tanımlar. 



Alan taraması 

Yabani Ot Algılama 

Hedef tespiti 

Güvenli Duruş Pozisyon sabitleme 

Hedefleme 

Lazer yönlendirme 

İmha 

Lazer ateşleme 

Göreve Devam"
overlap_recursive,30,ATLAS-Edge-AI-Tabanli-Otonom-Lazer-Yabani-Ot-Imha-Robotu (6).pdf,1,Giris,714,2516,"Robotun genel çalışma mantığı bir durum makinesi (state machine) yaklaşımıyla kurgulanmıştır. Bu yapı, robotun hangi durumda hangi davranışı sergileyeceğini net şekilde tanımlar. 



Alan taraması 

Yabani Ot Algılama 

Hedef tespiti 

Güvenli Duruş Pozisyon sabitleme 

Hedefleme 

Lazer yönlendirme 

İmha 

Lazer ateşleme 

Göreve Devam 

Döngü tekrarı 

Bu yaklaşım, sahada öngörülebilir ve güvenli bir davranış sergilenmesini sağlar. 





ATLAS'ın elektronik altyapısı, tarla koşullarında kararlı çalışmayı hedefleyen bir güç dağıtım mimarisi üzerine kurulmuştur. Sistem, 3S LiPo batarya ile beslenmekte ve elektriksel gürültüyü minimize etmek için ayrı güç hatları kullanılmaktadır. 

Yüksek Akım Hattı Motorlar için güç kaynağı 

Lojik Hattı Raspberry Pi için regüle edilmiş, kararlı besleme 

Aktüatör Hattı Servo ve lazer için ayrı güç 

Bu ayrım, servo motorların oluşturduğu gürültünün işlemciyi etkilemesini önler. 





Motor sürüşü, yüksek akım kapasiteli sürücüler aracılığıyla diferansiyel sürüş mimarisiyle sağlanmaktadır. Bu yapı, robotun kendi ekseni etrafında dönebilmesine olanak tanır ve dar alanlarda yüksek manevra kabiliyeti sunar. 

Düşük seviye zaman hassas görevler (PWM üretimi, enkoder okuma, acil durdurma sinyalleri) yardımcı bir mikrodenetleyici tarafından yönetilir. Raspberry Pi ile seri haberleşme üzerinden koordineli çalışır. 









Hedef doğruluğu ve robot durma kontrolü 



Lazer sistemi yalnızca yazılımsal değil, donanımsal güvenlik önlemleriyle de kontrol altına alınmıştır. Lazer rölesi, yalnızca hedef doğruluğu yeterli seviyeye ulaştığında ve robot tamamen duruyorken aktifleşir. 

Lazer rölesi ile fiziksel güvenlik 

Buna ek olarak fiziksel acil durdurma (E-Stop) butonu, ana güç hattını keserek sistemin güvenli duruma geçmesini sağlar. Bu yaklaşım, saha kullanımı için kritik öneme sahiptir. 

Acil Durdurma 

E-Stop butonu ile ana güç kesimi 









Uç bilişim mimarisi sayesinde gerçek zamanlı, modüler ve ölçeklenebilir bir sistem sunar. Verimli işlem gücü ve hızlı karar alma yeteneği ile sahada üstün performans gösterir. 

Çevresel Sürdürülebilirlik 

Kimyasalsız yabani ot imha yaklaşımı, çevresel etkiyi azaltır ve hassas hedefleme ile mahsule zarar riskini minimize eder. Daha sağlıklı ve verimli tarım uygulamaları sağlar. 

Tarımda Uygulanabilirlik 

İleri seviye robotik ve yapay zekâ teknolojilerinin tarım sektörüne başarılı bir şekilde entegrasyonunu gösterir. Otonom çalışma kabiliyeti ile iş gücü maliyetlerini düşürür ve verimliliği artırır."
overlap_recursive,33,Butce Degerlendirme Toplantisi,0,Katilimcilar,17,47,"Finans ekibi, Ayse (PM), departman yoneticileri"
overlap_recursive,33,Butce Degerlendirme Toplantisi,1,Konusulanlar,45,142,Q2 harcamalari planlanan butcenin %8 uzerinde gerceklesti. En buyuk sapma bulut altyapi maliyetlerinde - trafik artisi beklenenden fazla oldu.
overlap_recursive,33,Butce Degerlendirme Toplantisi,2,Alinan Kararlar,57,172,"- Bulut maliyetleri icin ayri bir izleme paneli kurulacak
- Q3 butcesi %10 marj ile yeniden planlanacak
- Aylik butce takip toplantisi baslatilacak, ilk toplantı 15 Agustos"
overlap_recursive,34,Yeni Calisan Oryantasyon Sureci,0,Yeni Calisan Oryantasyon Sureci,27,90,"Bu dokuman, yeni baslayan bir calisanin ilk haftasinda izlenmesi gereken adimlari anlatir."
overlap_recursive,34,Yeni Calisan Oryantasyon Sureci,1,Ilk Gun,55,171,"Hesap erisimleri (e-posta, Slack, kod deposu) IK tarafindan onceden hazirlanmis olmali. Yeni calisan, takim liderinden proje mimarisi hakkinda kisa bir bilgilendirme alir."
overlap_recursive,34,Yeni Calisan Oryantasyon Sureci,2,Ilk Hafta,59,191,"Gelistirme ortami kurulumu tamamlanir, kucuk bir warm-up gorev atanir (gercek bir hata veya kucuk bir ozellik). Mentor atamasi yapilir - ilk ay boyunca gunluk kisa senkron gorusmeler yapilir."
overlap_recursive,34,Yeni Calisan Oryantasyon Sureci,3,Degerlendirme,40,130,"30 gunun sonunda, yoneticiyle bire bir bir degerlendirme gorusmesi yapilir - surecin nasil gittigi, zorlanilan noktalar konusulur."
overlap_recursive,37,YZTA Bootcamp 2026 (2).pdf,0,Giris,1635,6157,"**5 . A K A D E M İ D Ö N E M İ** 





**Akademi’de edindiğiniz bilgi ve becerileri gerçek bir projede hayata geçirmeye hazır mısınız?** 

Bootcamp, **öğrendiklerinizi pratiğe dönüştüreceğiniz** , iş dünyasının dinamiklerini birebir deneyimleyeceğiniz ve ekip çalışmasının gücünü keşfedeceğiniz kapsamlı bir proje geliştirme maratonudur. Amacımız, sizi yalnızca teknik açıdan değil; proje yönetimi, takım çalışması ve girişimcilik bakış açısıyla da geleceğe hazırlamaktır. 

Bu süreçte oluşturacağınız ekiplerle, **çalışır bür ürün geliştirecek** ; Scrum metodolojisini uygulayarak profesyonel bir proje geliştirme deneyimi yaşayacaksınız. Her sprintte ilerlemenizi gösterecek, ekip olarak kararlar alacak ve ortaya çıkardığınız ürünle zirveye oynayacaksınız. 

Toplam **6 hafta** sürecek bu heyecan dolu yolculuk boyunca proje yönetimi süreçleriniz belirlenen kriterler doğrultusunda değerlendirilecek, düzenli geri bildirimlerle gelişiminiz desteklenecek ve finalde ortaya çıkardığınız ürün ayrıca puanlanacaktır. Tüm bunların sonunda ise en başarılı projeler arasına girerek ilk 3’te yer alma fırsatı sizi bekliyor. 

Gerçek bir ekip, gerçek bir ürün ve gerçek bir deneyim… **Şimdi sıra sizde!** 


Bootcamp ekipleri, farklı yetkinlikleri bir araya getirerek güçlü proje takımları oluşturmak amacıyla tasarlanmıştır. Yapay Zeka ve Veri Bilimi bursiyerleri karma ekipler halinde eşleştirilirken, No-Code/Low-Code bursiyerleri kendi programları içerisinde takımlaştırılmıştır. 

Her **takım 5 kişiden oluşmakta** olup, gerekli durumlarda ek bir üye dahil edilebilmektedir. Değerlendirme sürecinde Yapay Zeka & Veri Bilimi ekipleri kendi kategorilerinde, No-Code/Low-Code ekipleri ise kendi kategorilerinde yarışacaktır. 

Ekip içindeki görev dağılımı, çalışma düzeni ve zaman yönetimi **tamamen sizlerin sorumluluğundadır** . Bu süreci planlarken takım arkadaşlarınızın eğitim, iş ve kişisel sorumlulukları olabileceğini göz önünde bulundurmanız önemlidir. 

**6 haftalık Bootcamp** boyunca her ekip üyesinin, proje hedefleri ile kendi günlük sorumlulukları arasında sağlıklı bir denge kurması beklenmektedir. Başarılı ekipler; yalnızca çok çalışan değil, zamanı doğru yöneten, birbirlerinin koşullarını anlayan ve gerektiğinde esneklik gösterebilen ekiplerdir. **Etkili iletişim, karşılıklı anlayış ve ortak sorumluluk bilinciyle** hem bireysel yükünüzü dengeleyebilir hem de takım olarak güçlü sonuçlar ortaya çıkarabilirsiniz. 


Takımlar açıklandıktan sonra, takım değişikliği talepleri için sınırlı süreli bir başvuru dönemi açılacaktır. 19 Haziran **Cuma günü saat 20.00** sonrasında Slack üzerinden paylaşılacak takım değişikliği formu, **19 Haziran - 21 Haziran arasında** erişime açık olacaktır. Takım değişikliği talebinde bulunmak isteyen bursiyerlerin, form üzerinde taleplerinin gerekçesini açık ve detaylı bir şekilde belirtmeleri beklenmektedir. 

Başvurular,  ekip tarafından belirlenen kriterler doğrultusunda değerlendirilecektir. **Takım üyelerinden 3 veya daha fazla kişiye ulaşılamaması** ya da **özel bir durumunuzun olması halinde** takım değişikliği değerlendirmesinde dikkate alınabilecek başlıca kriterlerdir. Tüm taleplerin incelenmesinin ardından uygun bulunan başvurular için yeni takım eşleştirmeleri mümkün olan en kısa sürede gerçekleştirilecektir. Tüm talepler form üzerinde iletilmelidir. 

Bu sürecin tek seferlik bir fırsat olduğunu hatırlatmak isteriz. Takım değişikliği talebinizin kabul edilmesi ve yeni bir takıma yerleştirilmeniz durumunda, yeniden takım değişikliği yapma veya önceki takımınıza geri dönme hakkınız bulunmamaktadır. Bu nedenle başvurunuzu yapmadan önce mevcut durumunuzu dikkatlice değerlendirmeniz önemlidir. 


Bu etkinlikte belirli **bir tema kısıtlaması bulunmamaktadır.** Katılımcılar farklı sektörlerdeki problemlere yönelik özgün proje fikirleri geliştirebilirler. Ancak her projede yer alması gereken bazı temel özellikler, teknolojiler ve uygulanması beklenen yöntemler bulunmaktadır ve **projelerin bu çerçeve doğrultusunda şekillendirilmesi gerekmektedir.** 

Bu süreçte önemli olan, fikir üretim aşamasında çok uzun süre takılı kalmadan hızlıca bir yön belirlemek ve ilerlemeye başlamaktır. Farklı fikirleri değerlendirmek doğal olmakla birlikte, süreci geciktirecek şekilde fikir arayışında kaybolmamanız önemlidir. Bu nedenle sizden beklentimiz, geliştirmeyi düşündüğünüz proje fikrini 21 Haziran Pazar akşamına kadar kısaca bizimle paylaşmanızdır. 

Ayrıca her ekipten bir iletişim sorumlusu **(Scrum Master)** ve bir yedek iletişim sorumlusu **(Product Owner)** belirlenmesi gerekmektedir. Bu kişilerin iletişim bilgileri form üzerinden alınacak olup, süreç boyunca oluşabilecek durumlarda akademi ekibi ve asistanlar tarafından bu kişilerle doğrudan iletişime geçilecektir. 

<!-- Start of picture text -->
Bootcamp Takvimi<br>Takımların Açıklanması 2.Sprint Son Sprint<br>12 Haziran 2026 6 Temmuz 2026 20 Temmuz 2026<br>19 Temmuz 2026 02 Ağustos 2026<br>Değerlendirme Süreci<br>İlk Sprint Soru Cevap<br>Top 10 Sunum<br>19 Haziran 2026 6 Temmuz 2026 20.00<br>14 Ağustos<br>5 Temmuz 2026 20 Temmuz 2026 20.00<br><!-- End of picture text -->


Ekip Bilgileri Formu !!!Doldurulacak!!! _Ekibinizin iletişim sorumlusu ve benzeri bilgileri bizlere ilettiğiniz form https://forms.gle/CrMgeK8Ucd8mEmsE9_ 

Takım Değiştirme Formu _Bulunduğunuz ekibi değiştirmek için talep açma formu https://forms.gle/KCmRmfQ3PDV2KBhC6_ 



**Ekipleriniz 5’er kişi** olacak şekilde rastgele oluşturulacak ve her ekipte Product Owner, Scrum Master ve 3 Developer rolü yer alacaktır. Scrum rollerinin ekip içinde kimlere ait olacağına takım olarak siz karar vereceksiniz. 

**Bootcamp süreci 3 sprint** üzerinden ilerleyecek ve finalde ürün teslimi Scrum Master tarafından Ürün Teslim Formu üzerinden yapılacaktır. Scrum Master aynı zamanda ekip içi iletişimden de sorumlu olacaktır. 

Product Owner ve Scrum Master’ların yalnızca süreç yönetimi değil, aktif olarak geliştirme sürecine dahil olması beklenmektedir. Ekip içinde iş dağılımı, kimin ne geliştireceği ve hangi alanlara odaklanılacağı tamamen takımın ortak kararıdır; bu yapıda bir lider bulunmamaktadır ve **tüm ekip eşit sorumlulukla ilerler.**"
overlap_recursive,37,YZTA Bootcamp 2026 (2).pdf,1,Giris,726,2869,"**Bootcamp süreci 3 sprint** üzerinden ilerleyecek ve finalde ürün teslimi Scrum Master tarafından Ürün Teslim Formu üzerinden yapılacaktır. Scrum Master aynı zamanda ekip içi iletişimden de sorumlu olacaktır. 

Product Owner ve Scrum Master’ların yalnızca süreç yönetimi değil, aktif olarak geliştirme sürecine dahil olması beklenmektedir. Ekip içinde iş dağılımı, kimin ne geliştireceği ve hangi alanlara odaklanılacağı tamamen takımın ortak kararıdır; bu yapıda bir lider bulunmamaktadır ve **tüm ekip eşit sorumlulukla ilerler.** 

Süreç boyunca zaman yönetimi, görev paylaşımı, ekip içi koordinasyon, sağlıklı iletişim tamamen ekiplerin kendi sorumluluğundadır. Unutmayın ki ekiplerinizde herkesin aynı konu üzerinde bilgi seviyesi aynı olmayacaktır. Farklılarından beslenmeniz ve akran öğrenimi Akademi’nin tüm süreçlerinde olduğu gibi burada da en kritik kazanımdır. Gerçek iş hayatında olduğu gibi, oluşabilecek aksaklıkların ekip içinde çözülmesi beklenir. Takımlar oluşturulurken hackathon katılım durumu, cinsiyet ve cohort dengesi gibi kriterler göz önünde bulundurulur. Takımlar 5’er kişilik ve

rastgele şekilde atanır; yalnızca **1 kez takım değişikliği hakkı** bulunur ve bu değişiklik de yine rastgele gerçekleştirilir.Scrum rolleri ve sürece dair detaylı bilgiler ilerleyen materyallerde paylaşılacaktır. Takımınızda Bootcamp’e katılmayan kişiler varsa akademi ekibine bildirebilir ve takımda kalan kişilerle bootcamp’e devam edebilirsiniz.

Product Owner’lar ve Scrum Master’ların da yazılım sürecine dahil olmaları beklenmektedir. Scrum Master aynı zamanda iletişim sorumlusu olarak hareket edecektir. Kimin ne ölçüde kod yazacağı, hangi kodları yazacağı, hangi alanla ilgileneceği tamamen **<u>takımınızın kendi ve ortak kararı olacaktır.</u>** Grubun bir lideri yoktur, ekip olarak kendi Scrum rollerinize göre kendi projenizi ilerletmelisiniz. Grup içerisinde çıkabilecek zaman sıkışıklıkları, takvim yönetimi, yetenek farklılıkları aynı iş hayatında olduğu gibi **<u>grup içerisinde ekstra bir yardım beklenmeden

çözülmelidir.</u>**

<!-- Start of picture text -->
Vizyon<br>Vizyon & Stratejiyi net bir şekilde iletir<br>Release hedeflerini takip eder<br>Ürün<br>Product Backlog yönetimi<br>User stories<br>Önceliklendirme ve yönlendirme<br>Geri bildirimler<br>İş Birliği<br>Stakeholder’lar ile görüşme<br>Takımla görüşme<br><!-- End of picture text -->

<!-- Start of picture text -->
Rollere Karar Vermek<br>Takım<br>En iyi iş birliği yöntemleri<br>Gerçekçi hedefler, tahminler<br>Organizasyon<br>Rol çatışmalarını yönetmek<br>Süreç<br>Scrum event’lerini yönetmek<br><!-- End of picture text -->





<!-- Start of picture text -->
DEVELOPMENT TEAM<br><!-- End of picture text -->



Her sprint koyulan hedeflere ulaşmak, bir blocker varsa hemen takımı bilgilendirmek 

Developer, Product Owner’ın belirlediği yapılması gereken işleri anlamak"
overlap_recursive,37,YZTA Bootcamp 2026 (2).pdf,2,Giris,1080,3871,"- Ürünü geliştirmek 

Tüm scrum event'lerine katılmak 

- Sprint backlog’taki user story’leri tahmin etmek 

User Storyleri anlamak ,User Storyleri tahmin etmek, User Storyleri yaratmadaki bilgileri Product Owner’a vermek Teknik olarak, Programmer, UI/UX Designer development takımını oluşturabilir. 

- Developerlar iyi bir takım oyuncusu olmalı, aynı zamanda da kendi başına organize çalışabilir olmalılar 

- Cross Functional (Çapraz Fonksiyonlu) olmalılar, yani  Sprint hedefini gerçekleştirebilmek ve elindeki girdileri bir ürüne dönüştürmek için ihtiyaç duyacağı tüm yetkinliklere sahip olması demektir. 

Developer takımı, her sprint belirlenen hedefi başarmayı amaçlar. 


Ortaya çıkarılacak ürüne tamamen takım olarak siz karar vereceksiniz. Ürün tasarlanırken verilen brief ve beklentileri göz önünde bulundurmalısınız. Ürün tamamen ekibiniz tarafından sıfırdan geliştirilmeli ve her adımı GitHub’da açılacak repository içerisinde belgelemelisiniz. **Hazır bir proje kullanmak, satın alma yapmak, dışarıdan destek almak** **<u>diskalifiye sebebi olacaktır.</u>** 







Takım İsmi Takım Rolleri Ürün İsmi Ürün Açıklaması Ürün Özellikleri Hedef Kitle Product Backlog 





Sprint, hızlı koşmak anlamına gelse de Scrum bağlamında Türkçe’ye döngü olarak çevrilebilir. Akademi mezuniyet bootcampi içerisinde 2’şer haftalık olmak üzere toplam 3 sprint vardır. Sprint, Önceden belirlenmiş ve değişmeyen bir süredir. Sprint, işlerin iyi gitmeme riskini düşürmek ve yönetmek için kullanılır. Bir Sprint bittiğinde yeni bir Sprint başlar. Arada boşluk yoktur. Her Sprint bir Sprint Planning etkinliğiyle başlar ve Sprint Retrospective etkinliğiyle biter. 

Her Sprint, Scrum Takımı için bir deneydir. Bir önceki Sprint gözlemlenerek bir sonraki Sprint için adaptasyonlar belirlenir. 

**Scrum hakkında daha fazla bilgi için Proje Yönetimi 5. Kursu inceleyebilir/tamamlayabilirsiniz.** 






<!-- Start of picture text -->
Backlog Dağıtma Mantığı<br>Daily Scrum Notları<br>Sprint Board Updates<br>Ürün Durumu<br>Sprint Review<br>Sprint Retrospective<br><!-- End of picture text -->




<u>https://github.com/YapayZekaveTeknolojiAkademisi/BootcampScrumTemplate/tree/main</u> - - - <u>https://github.com/kevsoOther/U 21 Cherry Chasers/tree/main https://github.com/olgnbrn/planova https://github.com/IbrmSerhat/GhostOfAnnaScrumExample</u> - - - <u>https://github.com/burakcevheroglu/OUA

zaten Bootcamp 2023</u>


Slack üzerinden proje yönetimine dair sorularınızı **#bootcamp-2026** kanalından iletebilirsiniz. Sorularınıza **48 saat** içinde geri dönüş alacaksınız. 

Bootcamp sürecinde sizlere proje yönetimi konularında Academy Club ekibinden **12 kolaylaştırıcı/eğitim asistanı** eşlik edecek. Her takımın atanan 1 eğitim asistanı olacak. Takımlarınızın asistanları ile tanıştırılacaksınız. 

Proje yönetimi asistanları sizlere GitHub, Scrum , Agile, proje ve ürün yönetimi gibi konularda destek olacak. Asistanlar ile önden duyurulacak ofis saatlerinde çevrimiçi buluşabileceksiniz. 

Asistanlar teknik konularda takımlara özel destek sunmayacak. 



Ürün teslimi **2 Ağustos Pazar 23.59** ’a kadar form üzerinden yapılacak. Her takım için GitHub reposu açılmalı ve public olmalı. Her sprintte ilerleme ve kanıtlar GitHub’a eklenmeli; proje yönetimi değerlendirilecek. Bootcamp sonunda GitHub kayıtları tamamlanmalı. Ürün canlıya alınabiliyorsa link paylaşılabilir (opsiyonel). Son teslimde: 

3 dakikalık proje videosu **YouTube** ’a yüklenmeli. Formda istenen sorular eksiksiz doldurulmalı. Tüm teslimler 2 Ağustos 23.59’a kadar tamamlanmalı. 




|||**Ekstra Puanlar (Academy Club Ekibi**<br>**tarafından doldurulacak)**|**Max Puan**| |---|---|---|---| |**AI (Jüri tarafından puanlanacak)**<br>Yarışmaya hazır, çalışan proje|**Max Puan**<br>10|Yapay Zeka Modeli seçimi, kullanımı,<br>geliştirmesi|20| |Özgünlük|10|AI Agent’ların kullanımı, hafıza,<br>orkestrasyon"
overlap_recursive,37,YZTA Bootcamp 2026 (2).pdf,3,Giris,812,2594,"vb. teknik yönetimlerinin<br>düzgün yapılmış olması|15| |Ürün tamamlanma puanı|10|Kod içerisinde mimari yapı<br>kullanımları, temiz kod prensipleri|15| |Pazara uygun, talep görebilecek<br>|10|mevcut|| |uygulama||Ürün canlıya alınmış veya canlıya|| |||alınabilecek şekilde geliştirilme<br>yapılmış|10|

**Yukarıdaki tablolar, ürünlerinizi ve sunumlarınızı hangi ölçütlere göre hazırlamanız gerektiğini göstermektedir. Bu etkinlikte zorunlu bir proje kıstası bulunmamaktadır; ancak sağ tarafta yer alan tabloda belirtilen özelliklere ürünlerinizde yer vermeniz, sizlere ek puan kazandıracaktır. Dikkat edilmesi gereken nokta, bu özelliklerin yalnızca eklenmiş olmak için eklendiğinin tespit edilmesi durumunda puan verilmeyeceğidir. Bu sebeple eklediğiniz özellikleri amaca uygun yerlerde kullanımını ve tüm puanları almak için amaç dışına çıkmamanızı öneririz.** 




<!-- Start of picture text -->
AI (Jüri tarafından puanlanacak) Max Puan<br>İhtiyaç ve Çözüm Eşleşmesi 20<br>Kullanıcı Değeri ve Deneyimi 10<br>Pazar Potansiyeli 10<br>Fonksiyonel Yeterlilik 15<br>Ürün bütünlüğü 10<br>Yapay zeka öğeleri 35<br><!-- End of picture text -->




|**AI (Jüri tarafından puanlanacak)**|**Max Puan**|**Ekstra Puanlar (Academy Club Ekibi**<br>**tarafından doldurulacak)**|**Max Puan**| |---|---|---|---| |Yarışmaya hazır, çalışan proje|10|Geliştirme platformu ve teknolojilerin|10| |Özgünlük|10|seçimi, uygunluğu|| |Ürün tamamlanma puanı|10|Ürün, tüketici ihtiyacına

uygun<br>formatta geliştirilmiş|10| |Kullanma isteği|10|Teknoloji seçimlerinde maliyet|10| |Pazara uygun, talep görebilecek|10|sürdürülebilirliği göz önüne alınmış|| |uygulama||Ürün canlıya alınmış veya canlıya|| |Ürün bütünlüğü|10|<br>alınabilecek şekilde geliştirilme<br>yapılmış|10|




<!-- Start of picture text -->
AI (Jüri tarafından puanlanacak) Max Puan<br>İhtiyaç ve Çözüm Eşleşmesi 20<br>Kullanıcı Değeri ve Deneyimi 10<br>Pazar Potansiyeli 10<br>Fonksiyonel Yeterlilik 15<br>Ürün bütünlüğü 10<br>Yapay zeka öğeleri 35<br><!-- End of picture text -->





Bootcamp süresince yapılan proje yönetimi ve ortaya çıkan ürün ayrı şekilde değerlendirilecektir. Sprint review’lar sonrasında beklenen dökümanlar GitHub’a konulduğunda bootcamp takımı tarafından puanlanacaktır. 3 sprint sonrasında aldığınız puanlar proje yönetim puanınızı ortaya çıkaracaktır. Projeler ve proje sunum videonuz son sprint’in bittiği hafta sizlere iletilecek takım dosyalarına yüklenecektir. Ürününüz ön jüri tarafından puanlanacaktır. İlk 10’a girecek takımlar ürün puanı ve proje yönetimi puanının birlikte değerlendirilmesine göre belirlenecektir."
split_then_merge_1100,1,Veritabani Temelleri,0,Giris,18,67,"Bu notta PostgreSQL kullanarak veritabani tasarimi anlatilacaktir.
"
split_then_merge_1100,1,Veritabani Temelleri,1,Normalizasyon,32,107,"Normalizasyon, veri tekrarini onlemek icin kullanilir. 1NF, her sutunun atomik deger icermesini gerektirir."
split_then_merge_1100,22,Proje Durum Raporu,0,Genel Durum,31,91,"Proje %65 tamamlandı, planlanan teslim tarihi 15 Eylül. Şu an bir hafta gecikme riski var.
"
split_then_merge_1100,22,Proje Durum Raporu,1,Tamamlanan Modüller,22,79,"Kullanıcı girişi, profil yönetimi, bildirim sistemi tamamlandı ve test edildi.
"
split_then_merge_1100,22,Proje Durum Raporu,2,Devam Eden İşler,27,85,"Ödeme entegrasyonu üçüncü parti API'nin dokümantasyon eksikliği nedeniyle yavaşladı.
"
split_then_merge_1100,22,Proje Durum Raporu,3,Riskler,24,90,Ödeme sağlayıcısıyla teknik destek görüşmesi henüz planlanmadı - bu gecikmeyi büyütebilir.
split_then_merge_1100,26,Final Sınav Takvimi,0,Hafta 1 (12-16 Ocak),64,140,"- 12 Ocak Pazartesi 09:00 - Veritabanı Yönetim Sistemleri
- 13 Ocak Salı 14:00 - Calculus II
- 15 Ocak Perşembe 09:00 - Elektronik Devreler
"
split_then_merge_1100,26,Final Sınav Takvimi,1,Hafta 2 (19-23 Ocak),43,95,"- 19 Ocak Pazartesi 09:00 - Sistem Programlama
- 21 Ocak Çarşamba 14:00 - Asenkron Programlama
"
split_then_merge_1100,26,Final Sınav Takvimi,2,Notlar,39,116,Sınav yerleri sınavdan 3 gün önce ilan edilecek. Mazeret sınavı talepleri için dekanlığa başvuru son tarihi 26 Ocak.
split_then_merge_1100,27,yapılacaklar listesi,0,Bu Hafta,83,241,"
- [ ] Sprint planlama toplantısı için sunum hazırla
- [ ] Zeynep'in PR'ını gözden geçir
- [ ] Müşteriyle ödeme entegrasyonu görüşmesini planla
- [ ] Q3 bütçe raporunu finans ekibine gönder
- [ ] Yeni işe alım için mülakat sorularını hazırla"
split_then_merge_1100,30,ATLAS-Edge-AI-Tabanli-Otonom-Lazer-Yabani-Ot-Imha-Robotu (6).pdf,0,Giris,1079,3967,"ATLAS: Edge AI Tabanlı Otonom Lazer Yabani Ot İmha Robotu 

ATLAS Projesi, tarımda yaygın olarak kullanılan kimyasal herbisitlere alternatif olarak geliştirilmiş, yapay zeka destekli otonom bir robotik sistemdir. Sistem, sahada internet bağlantısına ihtiyaç duymadan çalışabilen uç bilişim (Edge AI) mimarisi üzerine kuruludur. Amaç, mahsul ve yabani ot ayrımını gerçek zamanlı yaparak yabani otları kök boğazından noktasal şekilde imha etmektir. 

Problem Tanımı 

Kimyasal herbisitler kısa vadede etkili olsa da uzun vadede toprağın yapısını bozmakta, yeraltı sularına karışmakta ve ürünlerde kalıntı riski oluşturmaktadır. Mekanik çözümler ise yüksek iş gücü gereksinimi ve düşük hassasiyet nedeniyle verim kaybına yol açabilmektedir. Bu durum, çevre dostu, hassas ve otomatik çözümlere olan ihtiyacı artırmaktadır. 

ATLAS'ın temel hedefi, tarım alanlarında yabani otları mahsule zarar vermeden, kimyasal kullanmadan ve insan müdahalesine gerek kalmadan ortadan kaldırmaktır. Bu amaçla sistem, bitkileri sadece ""nesne"" olarak değil, şekil ve konum bilgileriyle birlikte algılar. Nihai hedef, yüksek doğruluklu algılama ve güvenli imha süreçlerini bir araya getirmektir. 

Görüntü Alımı Kameradan görüntü yakalama 

AI Analizi Derin öğrenme ile tespit 

Hedefleme İmha Geometrik bilgi işleme Lazer ile noktasal müdahale 

Sistem, kameradan alınan görüntünün derin öğrenme modeliyle analiz edilmesiyle başlar. Tespit edilen yabani otun geometrik bilgileri işlenerek hedef noktası belirlenir. Bu bilgi, robotun lazer taretine aktarılırken aynı anda navigasyon ve güvenlik modülleriyle senkronize şekilde çalışır. 

Yabani otlar düzensiz geometrilere sahip olduğu için klasik bounding box tabanlı yaklaşımlar yeterli hassasiyet sunmamaktadır. ATLAS'ta kullanılan YOLOv8n-seg modeli, bitkilerin piksel tabanlı maskesini çıkararak gerçek şekillerini analiz eder. Bu sayede hedefleme işlemi çok daha hassas yapılabilir. Veri Seti ve Eğitim Stratejisi 

**Transfer Learning ve Fine-Tune Yaklaşımı:** Model eğitimi sırasında açık kaynak tarım veri setleri temel alınmıştır. Ardından, projenin test edildiği yerel tarla koşullarına ait sınırlı sayıda görüntüyle fine-tune işlemi uygulanmıştır. Bu yöntem, modeli çevresel koşullara karşı daha dayanıklı hale getirmiştir. 

Özgün Hedefleme Algoritması Crown (Kök Boğazı) Noktası Tespiti 

01 02 Segmentasyon Maskesi Alt Bölge Analizi Bitki maskesi elde edilir Kök boğazı bölgesi belirlenir 03 04 Ağırlık Merkezi Hedef Koordinat Geometrik merkez hesaplanır Lazer yönlendirme noktası Segmentasyon sonucunda elde edilen bitki maskesi analiz edilerek kök boğazına karşılık gelen alt bölge belirlenir. Bu bölgenin geometrik ağırlık merkezi hesaplanarak lazerin yönlendirileceği hedef koordinat elde edilir. Böylece yapraklara değil, bitkinin yaşamsal merkezine odaklanılır. 

Nesne Takibi 

Robot hareket halindeyken aynı yabani ota birden fazla kez atış yapılmaması için ByteTrack tabanlı takip algoritması kullanılmıştır. Her yabani ota benzersiz bir kimlik atanır ve vurulan otlar sistem belleğinde tutulur. Bu yaklaşım enerji ve zaman verimliliği sağlar. 

Benzersiz ID Her ot için kimlik Bellek Yönetimi Vurulan otlar kaydedilir 

Gerçek Zamanlılık ve Gecikme Telafisi Hareket Halinde Hassasiyet Görüntü işleme ile lazer ateşi arasında oluşabilecek gecikmeler hedef şaşmasına neden olabilir. Bu nedenle robotun anlık hızı ve işlem süresi hesaba katılarak hedefin gelecekteki konumu tahmin edilir. Lazer bu tahmini noktaya yönlendirilir. 

Raspberry Pi 5 

Ana kontrol birimi ve sistem koordinasyonu 

Hailo-8L NPU Edge Computing 13 TOPS yapay zeka işlem gücü İnternet bağlantısı gerektirmez 

ATLAS'ın ana kontrol birimi Raspberry Pi 5'tir ve sistemdeki yapay zeka yükü Hailo-8L NPU (13 TOPS) üzerine aktarılmıştır. Bu heterojen mimari sayesinde görüntü işleme CPU'yu meşgul etmez ve navigasyon, SLAM gibi görevler kesintisiz çalışabilir. Sistem, internet bağlantısına ihtiyaç duymadan sahada otonom şekilde görev yapabilir. "
split_then_merge_1100,30,ATLAS-Edge-AI-Tabanli-Otonom-Lazer-Yabani-Ot-Imha-Robotu (6).pdf,1,Giris,1089,3921," bağlantısı gerektirmez 

ATLAS'ın ana kontrol birimi Raspberry Pi 5'tir ve sistemdeki yapay zeka yükü Hailo-8L NPU (13 TOPS) üzerine aktarılmıştır. Bu heterojen mimari sayesinde görüntü işleme CPU'yu meşgul etmez ve navigasyon, SLAM gibi görevler kesintisiz çalışabilir. Sistem, internet bağlantısına ihtiyaç duymadan sahada otonom şekilde görev yapabilir. <eos>

**ROS 2 Altyapısı:** ATLAS'ın tüm yazılım altyapısı, modern robotik sistemlerde endüstri standardı haline gelmiş olan ROS 2 (Robot Operating System 2) üzerinde geliştirilmiştir. ROS 2, gerçek zamanlılığa daha uygun haberleşme altyapısı (DDS) ve dağıtık mimari desteği sayesinde otonom sistemler için yüksek güvenilirlik sunar. 

Sistem, görevlerine göre ayrılmış bağımsız düğümlerden (nodes) oluşur. Bu yaklaşım, yazılımın modülerliğini artırırken hata toleransını da yükseltir, herhangi bir alt sistemde oluşabilecek hata durumunda tüm sistemin çökmesini engeller. Örneğin görüntü işleme düğümü durduğunda, sürüş ve güvenlik düğümleri çalışmaya devam edebilir. 

ATLAS yazılımı üç ana katmanda organize edilmiştir: 

vision_node Kamera verisini alır, YOLOv8-seg modeli ile yabani otları tespit eder ve hedef koordinatları üretir. 

control_node Motor sürücülerini, servo taret sistemini ve lazeri kontrol eder. Güvenlik kilitleri bu düğüm üzerinden yönetilir. 

navigation_node SLAM, yol planlama ve hız kontrolünden sorumludur. 

Düğümler arası haberleşme, ROS 2 topic ve service yapıları üzerinden asenkron olarak gerçekleştirilir. Bu sayede sistem, gerçek zamanlı veri akışını gecikme olmadan sürdürebilir. 

ATLAS, bilinmeyen ortamlarda kendi konumunu belirleyebilmek ve harita oluşturabilmek için SLAM Toolbox kullanmaktadır. LIDAR sensöründen alınan verilerle 2 boyutlu doluluk haritası (occupancy grid) oluşturulur. 

Navigasyon için ROS 2 Nav2 yığını kullanılmaktadır. Global planner, robotun A noktasından B noktasına en uygun yolu hesaplar; local planner ise önüne çıkan anlık engellerden kaçınarak bu yolu dinamik şekilde günceller. Böylece robot hem planlı hem de güvenli şekilde hareket edebilir. 

Robotun genel çalışma mantığı bir durum makinesi (state machine) yaklaşımıyla kurgulanmıştır. Bu yapı, robotun hangi durumda hangi davranışı sergileyeceğini net şekilde tanımlar. 

Alan taraması 

Yabani Ot Algılama 

Hedef tespiti 

Güvenli Duruş Pozisyon sabitleme 

Hedefleme 

Lazer yönlendirme 

İmha 

Lazer ateşleme 

Göreve Devam 

Döngü tekrarı 

Bu yaklaşım, sahada öngörülebilir ve güvenli bir davranış sergilenmesini sağlar. 

ATLAS'ın elektronik altyapısı, tarla koşullarında kararlı çalışmayı hedefleyen bir güç dağıtım mimarisi üzerine kurulmuştur. Sistem, 3S LiPo batarya ile beslenmekte ve elektriksel gürültüyü minimize etmek için ayrı güç hatları kullanılmaktadır. 

Yüksek Akım Hattı Motorlar için güç kaynağı 

Lojik Hattı Raspberry Pi için regüle edilmiş, kararlı besleme 

Aktüatör Hattı Servo ve lazer için ayrı güç 

Bu ayrım, servo motorların oluşturduğu gürültünün işlemciyi etkilemesini önler. 

Motor sürüşü, yüksek akım kapasiteli sürücüler aracılığıyla diferansiyel sürüş mimarisiyle sağlanmaktadır. Bu yapı, robotun kendi ekseni etrafında dönebilmesine olanak tanır ve dar alanlarda yüksek manevra kabiliyeti sunar. 

Düşük seviye zaman hassas görevler (PWM üretimi, enkoder okuma, acil durdurma sinyalleri) yardımcı bir mikrodenetleyici tarafından yönetilir. Raspberry Pi ile seri haberleşme üzerinden koordineli çalışır. 

Hedef doğruluğu ve robot durma kontrolü 

Lazer sistemi yalnızca yazılımsal değil, donanımsal güvenlik önlemleriyle de kontrol altına alınmıştır. Lazer rölesi, yalnızca hedef doğruluğu yeterli seviyeye ulaştığında ve robot tamamen duruyorken aktifleşir. 

Lazer rölesi ile fiziksel güvenlik 

Buna ek olarak fiziksel acil durdurma (E-Stop) butonu, ana güç hattını keserek sistemin güvenli duruma geçmesini sağlar. Bu yaklaşım, saha kullanımı için kritik öneme sahiptir. 

Acil Durdurma "
split_then_merge_1100,30,ATLAS-Edge-AI-Tabanli-Otonom-Lazer-Yabani-Ot-Imha-Robotu (6).pdf,2,Giris,283,993,". Lazer rölesi, yalnızca hedef doğruluğu yeterli seviyeye ulaştığında ve robot tamamen duruyorken aktifleşir. 

Lazer rölesi ile fiziksel güvenlik 

Buna ek olarak fiziksel acil durdurma (E-Stop) butonu, ana güç hattını keserek sistemin güvenli duruma geçmesini sağlar. Bu yaklaşım, saha kullanımı için kritik öneme sahiptir. 

Acil Durdurma <eos>

E-Stop butonu ile ana güç kesimi 

Uç bilişim mimarisi sayesinde gerçek zamanlı, modüler ve ölçeklenebilir bir sistem sunar. Verimli işlem gücü ve hızlı karar alma yeteneği ile sahada üstün performans gösterir. 

Çevresel Sürdürülebilirlik 

Kimyasalsız yabani ot imha yaklaşımı, çevresel etkiyi azaltır ve hassas hedefleme ile mahsule zarar riskini minimize eder. Daha sağlıklı ve verimli tarım uygulamaları sağlar. 

Tarımda Uygulanabilirlik 

İleri seviye robotik ve yapay zekâ teknolojilerinin tarım sektörüne başarılı bir şekilde entegrasyonunu gösterir. Otonom çalışma kabiliyeti ile iş gücü maliyetlerini düşürür ve verimliliği artırır. "
split_then_merge_1100,33,Butce Degerlendirme Toplantisi,0,Katilimcilar,18,48,"Finans ekibi, Ayse (PM), departman yoneticileri
"
split_then_merge_1100,33,Butce Degerlendirme Toplantisi,1,Konusulanlar,46,143,"Q2 harcamalari planlanan butcenin %8 uzerinde gerceklesti. En buyuk sapma bulut altyapi maliyetlerinde - trafik artisi beklenenden fazla oldu.
"
split_then_merge_1100,33,Butce Degerlendirme Toplantisi,2,Alinan Kararlar,58,173,"- Bulut maliyetleri icin ayri bir izleme paneli kurulacak
- Q3 butcesi %10 marj ile yeniden planlanacak
- Aylik butce takip toplantisi baslatilacak, ilk toplantı 15 Agustos
"
split_then_merge_1100,34,Yeni Calisan Oryantasyon Sureci,0,Yeni Calisan Oryantasyon Sureci,29,92,"
Bu dokuman, yeni baslayan bir calisanin ilk haftasinda izlenmesi gereken adimlari anlatir.
"
split_then_merge_1100,34,Yeni Calisan Oryantasyon Sureci,1,Ilk Gun,56,172,"Hesap erisimleri (e-posta, Slack, kod deposu) IK tarafindan onceden hazirlanmis olmali. Yeni calisan, takim liderinden proje mimarisi hakkinda kisa bir bilgilendirme alir.
"
split_then_merge_1100,34,Yeni Calisan Oryantasyon Sureci,2,Ilk Hafta,60,192,"Gelistirme ortami kurulumu tamamlanir, kucuk bir warm-up gorev atanir (gercek bir hata veya kucuk bir ozellik). Mentor atamasi yapilir - ilk ay boyunca gunluk kisa senkron gorusmeler yapilir.
"
split_then_merge_1100,34,Yeni Calisan Oryantasyon Sureci,3,Degerlendirme,41,131,"30 gunun sonunda, yoneticiyle bire bir bir degerlendirme gorusmesi yapilir - surecin nasil gittigi, zorlanilan noktalar konusulur.
"
split_then_merge_1100,37,YZTA Bootcamp 2026 (2).pdf,0,Giris,1014,4022,"**5 . A K A D E M İ D Ö N E M İ** 

**Akademi’de edindiğiniz bilgi ve becerileri gerçek bir projede hayata geçirmeye hazır mısınız?** 

Bootcamp, **öğrendiklerinizi pratiğe dönüştüreceğiniz** , iş dünyasının dinamiklerini birebir deneyimleyeceğiniz ve ekip çalışmasının gücünü keşfedeceğiniz kapsamlı bir proje geliştirme maratonudur. Amacımız, sizi yalnızca teknik açıdan değil; proje yönetimi, takım çalışması ve girişimcilik bakış açısıyla da geleceğe hazırlamaktır. 

Bu süreçte oluşturacağınız ekiplerle, **çalışır bür ürün geliştirecek** ; Scrum metodolojisini uygulayarak profesyonel bir proje geliştirme deneyimi yaşayacaksınız. Her sprintte ilerlemenizi gösterecek, ekip olarak kararlar alacak ve ortaya çıkardığınız ürünle zirveye oynayacaksınız. 

Toplam **6 hafta** sürecek bu heyecan dolu yolculuk boyunca proje yönetimi süreçleriniz belirlenen kriterler doğrultusunda değerlendirilecek, düzenli geri bildirimlerle gelişiminiz desteklenecek ve finalde ortaya çıkardığınız ürün ayrıca puanlanacaktır. Tüm bunların sonunda ise en başarılı projeler arasına girerek ilk 3’te yer alma fırsatı sizi bekliyor. 

Gerçek bir ekip, gerçek bir ürün ve gerçek bir deneyim… **Şimdi sıra sizde!** 

Bootcamp ekipleri, farklı yetkinlikleri bir araya getirerek güçlü proje takımları oluşturmak amacıyla tasarlanmıştır. Yapay Zeka ve Veri Bilimi bursiyerleri karma ekipler halinde eşleştirilirken, No-Code/Low-Code bursiyerleri kendi programları içerisinde takımlaştırılmıştır. 

Her **takım 5 kişiden oluşmakta** olup, gerekli durumlarda ek bir üye dahil edilebilmektedir. Değerlendirme sürecinde Yapay Zeka & Veri Bilimi ekipleri kendi kategorilerinde, No-Code/Low-Code ekipleri ise kendi kategorilerinde yarışacaktır. 

Ekip içindeki görev dağılımı, çalışma düzeni ve zaman yönetimi **tamamen sizlerin sorumluluğundadır** . Bu süreci planlarken takım arkadaşlarınızın eğitim, iş ve kişisel sorumlulukları olabileceğini göz önünde bulundurmanız önemlidir. 

**6 haftalık Bootcamp** boyunca her ekip üyesinin, proje hedefleri ile kendi günlük sorumlulukları arasında sağlıklı bir denge kurması beklenmektedir. Başarılı ekipler; yalnızca çok çalışan değil, zamanı doğru yöneten, birbirlerinin koşullarını anlayan ve gerektiğinde esneklik gösterebilen ekiplerdir. **Etkili iletişim, karşılıklı anlayış ve ortak sorumluluk bilinciyle** hem bireysel yükünüzü dengeleyebilir hem de takım olarak güçlü sonuçlar ortaya çıkarabilirsiniz. 

Takımlar açıklandıktan sonra, takım değişikliği talepleri için sınırlı süreli bir başvuru dönemi açılacaktır. 19 Haziran **Cuma günü saat 20.00** sonrasında Slack üzerinden paylaşılacak takım değişikliği formu, **19 Haziran - 21 Haziran arasında** erişime açık olacaktır. Takım değişikliği talebinde bulunmak isteyen bursiyerlerin, form üzerinde taleplerinin gerekçesini açık ve detaylı bir şekilde belirtmeleri beklenmektedir. 

Başvurular,  ekip tarafından belirlenen kriterler doğrultusunda değerlendirilecektir. **Takım üyelerinden 3 veya daha fazla kişiye ulaşılamaması** ya da **özel bir durumunuzun olması halinde** takım değişikliği değerlendirmesinde dikkate alınabilecek başlıca kriterlerdir. Tüm taleplerin incelenmesinin ardından uygun bulunan başvurular için yeni takım eşleştirmeleri mümkün olan en kısa sürede gerçekleştirilecektir. Tüm talepler form üzerinde iletilmelidir. 

Bu sürecin tek seferlik bir fırsat olduğunu hatırlatmak isteriz. Takım değişikliği talebinizin kabul edilmesi ve yeni bir takıma yerleştirilmeniz durumunda, yeniden takım değişikliği yapma veya önceki takımınıza geri dönme hakkınız bulunmamaktadır. Bu nedenle başvurunuzu yapmadan önce mevcut durumunuzu dikkatlice değerlendirmeniz önemlidir. 

Bu etkinlikte belirli **bir tema kısıtlaması bulunmamaktadır.** Katılımcılar farklı sektörlerdeki problemlere yönelik özgün proje fikirleri geliştirebilirler. Ancak her projede yer alması gereken bazı temel özellikler, teknolojiler ve uygulanması beklenen yöntemler bulunmaktadır ve **projelerin bu çerçeve doğrultusunda şekillendirilmesi gerekmektedir.** "
split_then_merge_1100,37,YZTA Bootcamp 2026 (2).pdf,1,Giris,1081,4089,"unuzu yapmadan önce mevcut durumunuzu dikkatlice değerlendirmeniz önemlidir. 

Bu etkinlikte belirli **bir tema kısıtlaması bulunmamaktadır.** Katılımcılar farklı sektörlerdeki problemlere yönelik özgün proje fikirleri geliştirebilirler. Ancak her projede yer alması gereken bazı temel özellikler, teknolojiler ve uygulanması beklenen yöntemler bulunmaktadır ve **projelerin bu çerçeve doğrultusunda şekillendirilmesi gerekmektedir.** <eos>

Bu süreçte önemli olan, fikir üretim aşamasında çok uzun süre takılı kalmadan hızlıca bir yön belirlemek ve ilerlemeye başlamaktır. Farklı fikirleri değerlendirmek doğal olmakla birlikte, süreci geciktirecek şekilde fikir arayışında kaybolmamanız önemlidir. Bu nedenle sizden beklentimiz, geliştirmeyi düşündüğünüz proje fikrini 21 Haziran Pazar akşamına kadar kısaca bizimle paylaşmanızdır. 

Ayrıca her ekipten bir iletişim sorumlusu **(Scrum Master)** ve bir yedek iletişim sorumlusu **(Product Owner)** belirlenmesi gerekmektedir. Bu kişilerin iletişim bilgileri form üzerinden alınacak olup, süreç boyunca oluşabilecek durumlarda akademi ekibi ve asistanlar tarafından bu kişilerle doğrudan iletişime geçilecektir. 

<!-- Start of picture text -->
Bootcamp Takvimi<br>Takımların Açıklanması 2.Sprint Son Sprint<br>12 Haziran 2026 6 Temmuz 2026 20 Temmuz 2026<br>19 Temmuz 2026 02 Ağustos 2026<br>Değerlendirme Süreci<br>İlk Sprint Soru Cevap<br>Top 10 Sunum<br>19 Haziran 2026 6 Temmuz 2026 20.00<br>14 Ağustos<br>5 Temmuz 2026 20 Temmuz 2026 20.00<br><!-- End of picture text -->

Ekip Bilgileri Formu !!!Doldurulacak!!! _Ekibinizin iletişim sorumlusu ve benzeri bilgileri bizlere ilettiğiniz form https://forms.gle/CrMgeK8Ucd8mEmsE9_ 

Takım Değiştirme Formu _Bulunduğunuz ekibi değiştirmek için talep açma formu https://forms.gle/KCmRmfQ3PDV2KBhC6_ 

**Ekipleriniz 5’er kişi** olacak şekilde rastgele oluşturulacak ve her ekipte Product Owner, Scrum Master ve 3 Developer rolü yer alacaktır. Scrum rollerinin ekip içinde kimlere ait olacağına takım olarak siz karar vereceksiniz. 

**Bootcamp süreci 3 sprint** üzerinden ilerleyecek ve finalde ürün teslimi Scrum Master tarafından Ürün Teslim Formu üzerinden yapılacaktır. Scrum Master aynı zamanda ekip içi iletişimden de sorumlu olacaktır. 

Product Owner ve Scrum Master’ların yalnızca süreç yönetimi değil, aktif olarak geliştirme sürecine dahil olması beklenmektedir. Ekip içinde iş dağılımı, kimin ne geliştireceği ve hangi alanlara odaklanılacağı tamamen takımın ortak kararıdır; bu yapıda bir lider bulunmamaktadır ve **tüm ekip eşit sorumlulukla ilerler.** 

Süreç boyunca zaman yönetimi, görev paylaşımı, ekip içi koordinasyon, sağlıklı iletişim tamamen ekiplerin kendi sorumluluğundadır. Unutmayın ki ekiplerinizde herkesin aynı konu üzerinde bilgi seviyesi aynı olmayacaktır. Farklılarından beslenmeniz ve akran öğrenimi Akademi’nin tüm süreçlerinde olduğu gibi burada da en kritik kazanımdır. Gerçek iş hayatında olduğu gibi, oluşabilecek aksaklıkların ekip içinde çözülmesi beklenir. Takımlar oluşturulurken hackathon katılım durumu, cinsiyet ve cohort dengesi gibi kriterler göz önünde bulundurulur. Takımlar 5’er kişilik ve

rastgele şekilde atanır; yalnızca **1 kez takım değişikliği hakkı** bulunur ve bu değişiklik de yine rastgele gerçekleştirilir.Scrum rolleri ve sürece dair detaylı bilgiler ilerleyen materyallerde paylaşılacaktır. Takımınızda Bootcamp’e katılmayan kişiler varsa akademi ekibine bildirebilir ve takımda kalan kişilerle bootcamp’e devam edebilirsiniz.

Product Owner’lar ve Scrum Master’ların da yazılım sürecine dahil olmaları beklenmektedir. Scrum Master aynı zamanda iletişim sorumlusu olarak hareket edecektir. Kimin ne ölçüde kod yazacağı, hangi kodları yazacağı, hangi alanla ilgileneceği tamamen **<u>takımınızın kendi ve ortak kararı olacaktır.</u>** Grubun bir lideri yoktur, ekip olarak kendi Scrum rollerinize göre kendi projenizi ilerletmelisiniz. Grup içerisinde çıkabilecek zaman sıkışıklıkları, takvim yönetimi, yetenek farklılıkları aynı iş hayatında olduğu gibi **<u>grup içerisinde ekstra bir yardım beklenmeden

çözülmelidir.</u>**"
split_then_merge_1100,37,YZTA Bootcamp 2026 (2).pdf,2,Giris,443,1632,"acağı, hangi kodları yazacağı, hangi alanla ilgileneceği tamamen **<u>takımınızın kendi ve ortak kararı olacaktır.</u>** Grubun bir lideri yoktur, ekip olarak kendi Scrum rollerinize göre kendi projenizi ilerletmelisiniz. Grup içerisinde çıkabilecek zaman sıkışıklıkları, takvim yönetimi, yetenek farklılıkları aynı iş hayatında olduğu gibi **<u>grup içerisinde ekstra bir yardım beklenmeden

çözülmelidir.</u>**<eos>

<!-- Start of picture text -->
Vizyon<br>Vizyon & Stratejiyi net bir şekilde iletir<br>Release hedeflerini takip eder<br>Ürün<br>Product Backlog yönetimi<br>User stories<br>Önceliklendirme ve yönlendirme<br>Geri bildirimler<br>İş Birliği<br>Stakeholder’lar ile görüşme<br>Takımla görüşme<br><!-- End of picture text -->

<!-- Start of picture text -->
Rollere Karar Vermek<br>Takım<br>En iyi iş birliği yöntemleri<br>Gerçekçi hedefler, tahminler<br>Organizasyon<br>Rol çatışmalarını yönetmek<br>Süreç<br>Scrum event’lerini yönetmek<br><!-- End of picture text -->

<!-- Start of picture text -->
DEVELOPMENT TEAM<br><!-- End of picture text -->

Her sprint koyulan hedeflere ulaşmak, bir blocker varsa hemen takımı bilgilendirmek 

Developer, Product Owner’ın belirlediği yapılması gereken işleri anlamak 


Ürünü geliştirmek 

Tüm scrum event'lerine katılmak 


Sprint backlog’taki user story’leri tahmin etmek 

User Storyleri anlamak ,User Storyleri tahmin etmek, User Storyleri yaratmadaki bilgileri Product Owner’a vermek Teknik olarak, Programmer, UI/UX Designer development takımını oluşturabilir. 


Developerlar iyi bir takım oyuncusu olmalı, aynı zamanda da kendi başına organize çalışabilir olmalılar 
"
split_then_merge_1100,37,YZTA Bootcamp 2026 (2).pdf,3,Giris,1083,3884," anlamak 


Ürünü geliştirmek 

Tüm scrum event'lerine katılmak 


Sprint backlog’taki user story’leri tahmin etmek 

User Storyleri anlamak ,User Storyleri tahmin etmek, User Storyleri yaratmadaki bilgileri Product Owner’a vermek Teknik olarak, Programmer, UI/UX Designer development takımını oluşturabilir. 


Developerlar iyi bir takım oyuncusu olmalı, aynı zamanda da kendi başına organize çalışabilir olmalılar 
<eos>

Cross Functional (Çapraz Fonksiyonlu) olmalılar, yani  Sprint hedefini gerçekleştirebilmek ve elindeki girdileri bir ürüne dönüştürmek için ihtiyaç duyacağı tüm yetkinliklere sahip olması demektir. 

Developer takımı, her sprint belirlenen hedefi başarmayı amaçlar. 


Ortaya çıkarılacak ürüne tamamen takım olarak siz karar vereceksiniz. Ürün tasarlanırken verilen brief ve beklentileri göz önünde bulundurmalısınız. Ürün tamamen ekibiniz tarafından sıfırdan geliştirilmeli ve her adımı GitHub’da açılacak repository içerisinde belgelemelisiniz. **Hazır bir proje kullanmak, satın alma yapmak, dışarıdan destek almak** **<u>diskalifiye sebebi olacaktır.</u>** 







Takım İsmi Takım Rolleri Ürün İsmi Ürün Açıklaması Ürün Özellikleri Hedef Kitle Product Backlog 





Sprint, hızlı koşmak anlamına gelse de Scrum bağlamında Türkçe’ye döngü olarak çevrilebilir. Akademi mezuniyet bootcampi içerisinde 2’şer haftalık olmak üzere toplam 3 sprint vardır. Sprint, Önceden belirlenmiş ve değişmeyen bir süredir. Sprint, işlerin iyi gitmeme riskini düşürmek ve yönetmek için kullanılır. Bir Sprint bittiğinde yeni bir Sprint başlar. Arada boşluk yoktur. Her Sprint bir Sprint Planning etkinliğiyle başlar ve Sprint Retrospective etkinliğiyle biter. 

Her Sprint, Scrum Takımı için bir deneydir. Bir önceki Sprint gözlemlenerek bir sonraki Sprint için adaptasyonlar belirlenir. 

**Scrum hakkında daha fazla bilgi için Proje Yönetimi 5. Kursu inceleyebilir/tamamlayabilirsiniz.** 






<!-- Start of picture text -->
Backlog Dağıtma Mantığı<br>Daily Scrum Notları<br>Sprint Board Updates<br>Ürün Durumu<br>Sprint Review<br>Sprint Retrospective<br><!-- End of picture text -->




<u>https://github.com/YapayZekaveTeknolojiAkademisi/BootcampScrumTemplate/tree/main</u> - - - <u>https://github.com/kevsoOther/U 21 Cherry Chasers/tree/main https://github.com/olgnbrn/planova https://github.com/IbrmSerhat/GhostOfAnnaScrumExample</u> - - - <u>https://github.com/burakcevheroglu/OUA

zaten Bootcamp 2023</u>


Slack üzerinden proje yönetimine dair sorularınızı **#bootcamp-2026** kanalından iletebilirsiniz. Sorularınıza **48 saat** içinde geri dönüş alacaksınız. 

Bootcamp sürecinde sizlere proje yönetimi konularında Academy Club ekibinden **12 kolaylaştırıcı/eğitim asistanı** eşlik edecek. Her takımın atanan 1 eğitim asistanı olacak. Takımlarınızın asistanları ile tanıştırılacaksınız. 

Proje yönetimi asistanları sizlere GitHub, Scrum , Agile, proje ve ürün yönetimi gibi konularda destek olacak. Asistanlar ile önden duyurulacak ofis saatlerinde çevrimiçi buluşabileceksiniz. 

Asistanlar teknik konularda takımlara özel destek sunmayacak. 



Ürün teslimi **2 Ağustos Pazar 23.59** ’a kadar form üzerinden yapılacak. Her takım için GitHub reposu açılmalı ve public olmalı. Her sprintte ilerleme ve kanıtlar GitHub’a eklenmeli; proje yönetimi değerlendirilecek. Bootcamp sonunda GitHub kayıtları tamamlanmalı. Ürün canlıya alınabiliyorsa link paylaşılabilir (opsiyonel). Son teslimde: 

3 dakikalık proje videosu **YouTube** ’a yüklenmeli. Formda istenen sorular eksiksiz doldurulmalı. Tüm teslimler 2 Ağustos 23.59’a kadar tamamlanmalı. 




|||**Ekstra Puanlar (Academy Club Ekibi**<br>**tarafından doldurulacak)**|**Max Puan**| |---|---|---|---| |**AI (Jüri tarafından puanlanacak)**<br>Yarışmaya hazır, çalışan proje|**Max Puan**<br>10|Yapay Zeka Modeli seçimi, kullanımı,<br>geliştirmesi|20| |Özgünlük|10|AI Agent’ların kullanımı, hafıza,<br>orkestrasyon
"
split_then_merge_1100,37,YZTA Bootcamp 2026 (2).pdf,4,Giris,914,2865,"ından doldurulacak)**|**Max Puan**| |---|---|---|---| |**AI (Jüri tarafından puanlanacak)**<br>Yarışmaya hazır, çalışan proje|**Max Puan**<br>10|Yapay Zeka Modeli seçimi, kullanımı,<br>geliştirmesi|20| |Özgünlük|10|AI Agent’ların kullanımı, hafıza,<br>orkestrasyon
<eos>

teknik yönetimlerinin<br>düzgün yapılmış olması|15| |Ürün tamamlanma puanı|10|Kod içerisinde mimari yapı<br>kullanımları, temiz kod prensipleri|15| |Pazara uygun, talep görebilecek<br>|10|mevcut|| |uygulama||Ürün canlıya alınmış veya canlıya|| |||alınabilecek şekilde geliştirilme<br>yapılmış|10|

**Yukarıdaki tablolar, ürünlerinizi ve sunumlarınızı hangi ölçütlere göre hazırlamanız gerektiğini göstermektedir. Bu etkinlikte zorunlu bir proje kıstası bulunmamaktadır; ancak sağ tarafta yer alan tabloda belirtilen özelliklere ürünlerinizde yer vermeniz, sizlere ek puan kazandıracaktır. Dikkat edilmesi gereken nokta, bu özelliklerin yalnızca eklenmiş olmak için eklendiğinin tespit edilmesi durumunda puan verilmeyeceğidir. Bu sebeple eklediğiniz özellikleri amaca uygun yerlerde kullanımını ve tüm puanları almak için amaç dışına çıkmamanızı öneririz.** 




<!-- Start of picture text -->
AI (Jüri tarafından puanlanacak) Max Puan<br>İhtiyaç ve Çözüm Eşleşmesi 20<br>Kullanıcı Değeri ve Deneyimi 10<br>Pazar Potansiyeli 10<br>Fonksiyonel Yeterlilik 15<br>Ürün bütünlüğü 10<br>Yapay zeka öğeleri 35<br><!-- End of picture text -->




|**AI (Jüri tarafından puanlanacak)**|**Max Puan**|**Ekstra Puanlar (Academy Club Ekibi**<br>**tarafından doldurulacak)**|**Max Puan**| |---|---|---|---| |Yarışmaya hazır, çalışan proje|10|Geliştirme platformu ve teknolojilerin|10| |Özgünlük|10|seçimi, uygunluğu|| |Ürün tamamlanma puanı|10|Ürün, tüketici ihtiyacına

uygun<br>formatta geliştirilmiş|10| |Kullanma isteği|10|Teknoloji seçimlerinde maliyet|10| |Pazara uygun, talep görebilecek|10|sürdürülebilirliği göz önüne alınmış|| |uygulama||Ürün canlıya alınmış veya canlıya|| |Ürün bütünlüğü|10|<br>alınabilecek şekilde geliştirilme<br>yapılmış|10|




<!-- Start of picture text -->
AI (Jüri tarafından puanlanacak) Max Puan<br>İhtiyaç ve Çözüm Eşleşmesi 20<br>Kullanıcı Değeri ve Deneyimi 10<br>Pazar Potansiyeli 10<br>Fonksiyonel Yeterlilik 15<br>Ürün bütünlüğü 10<br>Yapay zeka öğeleri 35<br><!-- End of picture text -->





Bootcamp süresince yapılan proje yönetimi ve ortaya çıkan ürün ayrı şekilde değerlendirilecektir. Sprint review’lar sonrasında beklenen dökümanlar GitHub’a konulduğunda bootcamp takımı tarafından puanlanacaktır. 3 sprint sonrasında aldığınız puanlar proje yönetim puanınızı ortaya çıkaracaktır. Projeler ve proje sunum videonuz son sprint’in bittiği hafta sizlere iletilecek takım dosyalarına yüklenecektir. Ürününüz ön jüri tarafından puanlanacaktır. İlk 10’a girecek takımlar ürün puanı ve proje yönetimi puanının birlikte değerlendirilmesine göre belirlenecektir. 

"
split_then_merge_600,1,Veritabani Temelleri,0,Giris,18,67,"Bu notta PostgreSQL kullanarak veritabani tasarimi anlatilacaktir.
"
split_then_merge_600,1,Veritabani Temelleri,1,Normalizasyon,32,107,"Normalizasyon, veri tekrarini onlemek icin kullanilir. 1NF, her sutunun atomik deger icermesini gerektirir."
split_then_merge_600,22,Proje Durum Raporu,0,Genel Durum,31,91,"Proje %65 tamamlandı, planlanan teslim tarihi 15 Eylül. Şu an bir hafta gecikme riski var.
"
split_then_merge_600,22,Proje Durum Raporu,1,Tamamlanan Modüller,22,79,"Kullanıcı girişi, profil yönetimi, bildirim sistemi tamamlandı ve test edildi.
"
split_then_merge_600,22,Proje Durum Raporu,2,Devam Eden İşler,27,85,"Ödeme entegrasyonu üçüncü parti API'nin dokümantasyon eksikliği nedeniyle yavaşladı.
"
split_then_merge_600,22,Proje Durum Raporu,3,Riskler,24,90,Ödeme sağlayıcısıyla teknik destek görüşmesi henüz planlanmadı - bu gecikmeyi büyütebilir.
split_then_merge_600,26,Final Sınav Takvimi,0,Hafta 1 (12-16 Ocak),64,140,"- 12 Ocak Pazartesi 09:00 - Veritabanı Yönetim Sistemleri
- 13 Ocak Salı 14:00 - Calculus II
- 15 Ocak Perşembe 09:00 - Elektronik Devreler
"
split_then_merge_600,26,Final Sınav Takvimi,1,Hafta 2 (19-23 Ocak),43,95,"- 19 Ocak Pazartesi 09:00 - Sistem Programlama
- 21 Ocak Çarşamba 14:00 - Asenkron Programlama
"
split_then_merge_600,26,Final Sınav Takvimi,2,Notlar,39,116,Sınav yerleri sınavdan 3 gün önce ilan edilecek. Mazeret sınavı talepleri için dekanlığa başvuru son tarihi 26 Ocak.
split_then_merge_600,27,yapılacaklar listesi,0,Bu Hafta,83,241,"
- [ ] Sprint planlama toplantısı için sunum hazırla
- [ ] Zeynep'in PR'ını gözden geçir
- [ ] Müşteriyle ödeme entegrasyonu görüşmesini planla
- [ ] Q3 bütçe raporunu finans ekibine gönder
- [ ] Yeni işe alım için mülakat sorularını hazırla"
split_then_merge_600,30,ATLAS-Edge-AI-Tabanli-Otonom-Lazer-Yabani-Ot-Imha-Robotu (6).pdf,0,Giris,531,1948,"ATLAS: Edge AI Tabanlı Otonom Lazer Yabani Ot İmha Robotu 

ATLAS Projesi, tarımda yaygın olarak kullanılan kimyasal herbisitlere alternatif olarak geliştirilmiş, yapay zeka destekli otonom bir robotik sistemdir. Sistem, sahada internet bağlantısına ihtiyaç duymadan çalışabilen uç bilişim (Edge AI) mimarisi üzerine kuruludur. Amaç, mahsul ve yabani ot ayrımını gerçek zamanlı yaparak yabani otları kök boğazından noktasal şekilde imha etmektir. 

Problem Tanımı 

Kimyasal herbisitler kısa vadede etkili olsa da uzun vadede toprağın yapısını bozmakta, yeraltı sularına karışmakta ve ürünlerde kalıntı riski oluşturmaktadır. Mekanik çözümler ise yüksek iş gücü gereksinimi ve düşük hassasiyet nedeniyle verim kaybına yol açabilmektedir. Bu durum, çevre dostu, hassas ve otomatik çözümlere olan ihtiyacı artırmaktadır. 

ATLAS'ın temel hedefi, tarım alanlarında yabani otları mahsule zarar vermeden, kimyasal kullanmadan ve insan müdahalesine gerek kalmadan ortadan kaldırmaktır. Bu amaçla sistem, bitkileri sadece ""nesne"" olarak değil, şekil ve konum bilgileriyle birlikte algılar. Nihai hedef, yüksek doğruluklu algılama ve güvenli imha süreçlerini bir araya getirmektir. 

Görüntü Alımı Kameradan görüntü yakalama 

AI Analizi Derin öğrenme ile tespit 

Hedefleme İmha Geometrik bilgi işleme Lazer ile noktasal müdahale 

Sistem, kameradan alınan görüntünün derin öğrenme modeliyle analiz edilmesiyle başlar. Tespit edilen yabani otun geometrik bilgileri işlenerek hedef noktası belirlenir. Bu bilgi, robotun lazer taretine aktarılırken aynı anda navigasyon ve güvenlik modülleriyle senkronize şekilde çalışır. 

Yabani otlar düzensiz geometrilere sahip olduğu için klasik bounding box tabanlı yaklaşımlar yeterli hassasiyet sunmamaktadır. ATLAS'ta kullanılan YOLOv8n-seg modeli, bitkilerin piksel tabanlı maskesini çıkararak gerçek şekillerini analiz eder. Bu sayede hedefleme işlemi çok daha hassas yapılabilir. Veri Seti ve Eğitim Stratejisi "
split_then_merge_600,30,ATLAS-Edge-AI-Tabanli-Otonom-Lazer-Yabani-Ot-Imha-Robotu (6).pdf,1,Giris,557,2066," modülleriyle senkronize şekilde çalışır. 

Yabani otlar düzensiz geometrilere sahip olduğu için klasik bounding box tabanlı yaklaşımlar yeterli hassasiyet sunmamaktadır. ATLAS'ta kullanılan YOLOv8n-seg modeli, bitkilerin piksel tabanlı maskesini çıkararak gerçek şekillerini analiz eder. Bu sayede hedefleme işlemi çok daha hassas yapılabilir. Veri Seti ve Eğitim Stratejisi <eos>

**Transfer Learning ve Fine-Tune Yaklaşımı:** Model eğitimi sırasında açık kaynak tarım veri setleri temel alınmıştır. Ardından, projenin test edildiği yerel tarla koşullarına ait sınırlı sayıda görüntüyle fine-tune işlemi uygulanmıştır. Bu yöntem, modeli çevresel koşullara karşı daha dayanıklı hale getirmiştir. 

Özgün Hedefleme Algoritması Crown (Kök Boğazı) Noktası Tespiti 

01 02 Segmentasyon Maskesi Alt Bölge Analizi Bitki maskesi elde edilir Kök boğazı bölgesi belirlenir 03 04 Ağırlık Merkezi Hedef Koordinat Geometrik merkez hesaplanır Lazer yönlendirme noktası Segmentasyon sonucunda elde edilen bitki maskesi analiz edilerek kök boğazına karşılık gelen alt bölge belirlenir. Bu bölgenin geometrik ağırlık merkezi hesaplanarak lazerin yönlendirileceği hedef koordinat elde edilir. Böylece yapraklara değil, bitkinin yaşamsal merkezine odaklanılır. 

Nesne Takibi 

Robot hareket halindeyken aynı yabani ota birden fazla kez atış yapılmaması için ByteTrack tabanlı takip algoritması kullanılmıştır. Her yabani ota benzersiz bir kimlik atanır ve vurulan otlar sistem belleğinde tutulur. Bu yaklaşım enerji ve zaman verimliliği sağlar. 

Benzersiz ID Her ot için kimlik Bellek Yönetimi Vurulan otlar kaydedilir 

Gerçek Zamanlılık ve Gecikme Telafisi Hareket Halinde Hassasiyet Görüntü işleme ile lazer ateşi arasında oluşabilecek gecikmeler hedef şaşmasına neden olabilir. Bu nedenle robotun anlık hızı ve işlem süresi hesaba katılarak hedefin gelecekteki konumu tahmin edilir. Lazer bu tahmini noktaya yönlendirilir. 

Raspberry Pi 5 

Ana kontrol birimi ve sistem koordinasyonu 

Hailo-8L NPU Edge Computing 13 TOPS yapay zeka işlem gücü İnternet bağlantısı gerektirmez "
split_then_merge_600,30,ATLAS-Edge-AI-Tabanli-Otonom-Lazer-Yabani-Ot-Imha-Robotu (6).pdf,2,Giris,578,2130," arasında oluşabilecek gecikmeler hedef şaşmasına neden olabilir. Bu nedenle robotun anlık hızı ve işlem süresi hesaba katılarak hedefin gelecekteki konumu tahmin edilir. Lazer bu tahmini noktaya yönlendirilir. 

Raspberry Pi 5 

Ana kontrol birimi ve sistem koordinasyonu 

Hailo-8L NPU Edge Computing 13 TOPS yapay zeka işlem gücü İnternet bağlantısı gerektirmez <eos>

ATLAS'ın ana kontrol birimi Raspberry Pi 5'tir ve sistemdeki yapay zeka yükü Hailo-8L NPU (13 TOPS) üzerine aktarılmıştır. Bu heterojen mimari sayesinde görüntü işleme CPU'yu meşgul etmez ve navigasyon, SLAM gibi görevler kesintisiz çalışabilir. Sistem, internet bağlantısına ihtiyaç duymadan sahada otonom şekilde görev yapabilir. 

**ROS 2 Altyapısı:** ATLAS'ın tüm yazılım altyapısı, modern robotik sistemlerde endüstri standardı haline gelmiş olan ROS 2 (Robot Operating System 2) üzerinde geliştirilmiştir. ROS 2, gerçek zamanlılığa daha uygun haberleşme altyapısı (DDS) ve dağıtık mimari desteği sayesinde otonom sistemler için yüksek güvenilirlik sunar. 

Sistem, görevlerine göre ayrılmış bağımsız düğümlerden (nodes) oluşur. Bu yaklaşım, yazılımın modülerliğini artırırken hata toleransını da yükseltir, herhangi bir alt sistemde oluşabilecek hata durumunda tüm sistemin çökmesini engeller. Örneğin görüntü işleme düğümü durduğunda, sürüş ve güvenlik düğümleri çalışmaya devam edebilir. 

ATLAS yazılımı üç ana katmanda organize edilmiştir: 

vision_node Kamera verisini alır, YOLOv8-seg modeli ile yabani otları tespit eder ve hedef koordinatları üretir. 

control_node Motor sürücülerini, servo taret sistemini ve lazeri kontrol eder. Güvenlik kilitleri bu düğüm üzerinden yönetilir. 

navigation_node SLAM, yol planlama ve hız kontrolünden sorumludur. 

Düğümler arası haberleşme, ROS 2 topic ve service yapıları üzerinden asenkron olarak gerçekleştirilir. Bu sayede sistem, gerçek zamanlı veri akışını gecikme olmadan sürdürebilir. 

ATLAS, bilinmeyen ortamlarda kendi konumunu belirleyebilmek ve harita oluşturabilmek için SLAM Toolbox kullanmaktadır. LIDAR sensöründen alınan verilerle 2 boyutlu doluluk haritası (occupancy grid) oluşturulur. "
split_then_merge_600,30,ATLAS-Edge-AI-Tabanli-Otonom-Lazer-Yabani-Ot-Imha-Robotu (6).pdf,3,Giris,582,2063,"leşme, ROS 2 topic ve service yapıları üzerinden asenkron olarak gerçekleştirilir. Bu sayede sistem, gerçek zamanlı veri akışını gecikme olmadan sürdürebilir. 

ATLAS, bilinmeyen ortamlarda kendi konumunu belirleyebilmek ve harita oluşturabilmek için SLAM Toolbox kullanmaktadır. LIDAR sensöründen alınan verilerle 2 boyutlu doluluk haritası (occupancy grid) oluşturulur. <eos>

Navigasyon için ROS 2 Nav2 yığını kullanılmaktadır. Global planner, robotun A noktasından B noktasına en uygun yolu hesaplar; local planner ise önüne çıkan anlık engellerden kaçınarak bu yolu dinamik şekilde günceller. Böylece robot hem planlı hem de güvenli şekilde hareket edebilir. 

Robotun genel çalışma mantığı bir durum makinesi (state machine) yaklaşımıyla kurgulanmıştır. Bu yapı, robotun hangi durumda hangi davranışı sergileyeceğini net şekilde tanımlar. 

Alan taraması 

Yabani Ot Algılama 

Hedef tespiti 

Güvenli Duruş Pozisyon sabitleme 

Hedefleme 

Lazer yönlendirme 

İmha 

Lazer ateşleme 

Göreve Devam 

Döngü tekrarı 

Bu yaklaşım, sahada öngörülebilir ve güvenli bir davranış sergilenmesini sağlar. 

ATLAS'ın elektronik altyapısı, tarla koşullarında kararlı çalışmayı hedefleyen bir güç dağıtım mimarisi üzerine kurulmuştur. Sistem, 3S LiPo batarya ile beslenmekte ve elektriksel gürültüyü minimize etmek için ayrı güç hatları kullanılmaktadır. 

Yüksek Akım Hattı Motorlar için güç kaynağı 

Lojik Hattı Raspberry Pi için regüle edilmiş, kararlı besleme 

Aktüatör Hattı Servo ve lazer için ayrı güç 

Bu ayrım, servo motorların oluşturduğu gürültünün işlemciyi etkilemesini önler. 

Motor sürüşü, yüksek akım kapasiteli sürücüler aracılığıyla diferansiyel sürüş mimarisiyle sağlanmaktadır. Bu yapı, robotun kendi ekseni etrafında dönebilmesine olanak tanır ve dar alanlarda yüksek manevra kabiliyeti sunar. 

Düşük seviye zaman hassas görevler (PWM üretimi, enkoder okuma, acil durdurma sinyalleri) yardımcı bir mikrodenetleyici tarafından yönetilir. Raspberry Pi ile seri haberleşme üzerinden koordineli çalışır. 

Hedef doğruluğu ve robot durma kontrolü "
split_then_merge_600,30,ATLAS-Edge-AI-Tabanli-Otonom-Lazer-Yabani-Ot-Imha-Robotu (6).pdf,4,Giris,407,1455," robotun kendi ekseni etrafında dönebilmesine olanak tanır ve dar alanlarda yüksek manevra kabiliyeti sunar. 

Düşük seviye zaman hassas görevler (PWM üretimi, enkoder okuma, acil durdurma sinyalleri) yardımcı bir mikrodenetleyici tarafından yönetilir. Raspberry Pi ile seri haberleşme üzerinden koordineli çalışır. 

Hedef doğruluğu ve robot durma kontrolü <eos>

Lazer sistemi yalnızca yazılımsal değil, donanımsal güvenlik önlemleriyle de kontrol altına alınmıştır. Lazer rölesi, yalnızca hedef doğruluğu yeterli seviyeye ulaştığında ve robot tamamen duruyorken aktifleşir. 

Lazer rölesi ile fiziksel güvenlik 

Buna ek olarak fiziksel acil durdurma (E-Stop) butonu, ana güç hattını keserek sistemin güvenli duruma geçmesini sağlar. Bu yaklaşım, saha kullanımı için kritik öneme sahiptir. 

Acil Durdurma 

E-Stop butonu ile ana güç kesimi 

Uç bilişim mimarisi sayesinde gerçek zamanlı, modüler ve ölçeklenebilir bir sistem sunar. Verimli işlem gücü ve hızlı karar alma yeteneği ile sahada üstün performans gösterir. 

Çevresel Sürdürülebilirlik 

Kimyasalsız yabani ot imha yaklaşımı, çevresel etkiyi azaltır ve hassas hedefleme ile mahsule zarar riskini minimize eder. Daha sağlıklı ve verimli tarım uygulamaları sağlar. 

Tarımda Uygulanabilirlik 

İleri seviye robotik ve yapay zekâ teknolojilerinin tarım sektörüne başarılı bir şekilde entegrasyonunu gösterir. Otonom çalışma kabiliyeti ile iş gücü maliyetlerini düşürür ve verimliliği artırır. "
split_then_merge_600,33,Butce Degerlendirme Toplantisi,0,Katilimcilar,18,48,"Finans ekibi, Ayse (PM), departman yoneticileri
"
split_then_merge_600,33,Butce Degerlendirme Toplantisi,1,Konusulanlar,46,143,"Q2 harcamalari planlanan butcenin %8 uzerinde gerceklesti. En buyuk sapma bulut altyapi maliyetlerinde - trafik artisi beklenenden fazla oldu.
"
split_then_merge_600,33,Butce Degerlendirme Toplantisi,2,Alinan Kararlar,58,173,"- Bulut maliyetleri icin ayri bir izleme paneli kurulacak
- Q3 butcesi %10 marj ile yeniden planlanacak
- Aylik butce takip toplantisi baslatilacak, ilk toplantı 15 Agustos
"
split_then_merge_600,34,Yeni Calisan Oryantasyon Sureci,0,Yeni Calisan Oryantasyon Sureci,29,92,"
Bu dokuman, yeni baslayan bir calisanin ilk haftasinda izlenmesi gereken adimlari anlatir.
"
split_then_merge_600,34,Yeni Calisan Oryantasyon Sureci,1,Ilk Gun,56,172,"Hesap erisimleri (e-posta, Slack, kod deposu) IK tarafindan onceden hazirlanmis olmali. Yeni calisan, takim liderinden proje mimarisi hakkinda kisa bir bilgilendirme alir.
"
split_then_merge_600,34,Yeni Calisan Oryantasyon Sureci,2,Ilk Hafta,60,192,"Gelistirme ortami kurulumu tamamlanir, kucuk bir warm-up gorev atanir (gercek bir hata veya kucuk bir ozellik). Mentor atamasi yapilir - ilk ay boyunca gunluk kisa senkron gorusmeler yapilir.
"
split_then_merge_600,34,Yeni Calisan Oryantasyon Sureci,3,Degerlendirme,41,131,"30 gunun sonunda, yoneticiyle bire bir bir degerlendirme gorusmesi yapilir - surecin nasil gittigi, zorlanilan noktalar konusulur.
"
split_then_merge_600,37,YZTA Bootcamp 2026 (2).pdf,0,Giris,528,1954,"**5 . A K A D E M İ D Ö N E M İ** 

**Akademi’de edindiğiniz bilgi ve becerileri gerçek bir projede hayata geçirmeye hazır mısınız?** 

Bootcamp, **öğrendiklerinizi pratiğe dönüştüreceğiniz** , iş dünyasının dinamiklerini birebir deneyimleyeceğiniz ve ekip çalışmasının gücünü keşfedeceğiniz kapsamlı bir proje geliştirme maratonudur. Amacımız, sizi yalnızca teknik açıdan değil; proje yönetimi, takım çalışması ve girişimcilik bakış açısıyla da geleceğe hazırlamaktır. 

Bu süreçte oluşturacağınız ekiplerle, **çalışır bür ürün geliştirecek** ; Scrum metodolojisini uygulayarak profesyonel bir proje geliştirme deneyimi yaşayacaksınız. Her sprintte ilerlemenizi gösterecek, ekip olarak kararlar alacak ve ortaya çıkardığınız ürünle zirveye oynayacaksınız. 

Toplam **6 hafta** sürecek bu heyecan dolu yolculuk boyunca proje yönetimi süreçleriniz belirlenen kriterler doğrultusunda değerlendirilecek, düzenli geri bildirimlerle gelişiminiz desteklenecek ve finalde ortaya çıkardığınız ürün ayrıca puanlanacaktır. Tüm bunların sonunda ise en başarılı projeler arasına girerek ilk 3’te yer alma fırsatı sizi bekliyor. 

Gerçek bir ekip, gerçek bir ürün ve gerçek bir deneyim… **Şimdi sıra sizde!** 

Bootcamp ekipleri, farklı yetkinlikleri bir araya getirerek güçlü proje takımları oluşturmak amacıyla tasarlanmıştır. Yapay Zeka ve Veri Bilimi bursiyerleri karma ekipler halinde eşleştirilirken, No-Code/Low-Code bursiyerleri kendi programları içerisinde takımlaştırılmıştır. 

Her **takım 5 kişiden oluşmakta** olup, gerekli durumlarda ek bir üye dahil edilebilmektedir. Değerlendirme sürecinde Yapay Zeka & Veri Bilimi ekipleri kendi kategorilerinde, No-Code/Low-Code ekipleri ise kendi kategorilerinde yarışacaktır. 

Ekip içindeki görev dağılımı, çalışma düzeni ve zaman yönetimi **tamamen sizlerin sorumluluğundadır** . Bu süreci planlarken takım arkadaşlarınızın eğitim, iş ve kişisel sorumlulukları olabileceğini göz önünde bulundurmanız önemlidir. "
split_then_merge_600,37,YZTA Bootcamp 2026 (2).pdf,1,Giris,588,2452,"lendirme sürecinde Yapay Zeka & Veri Bilimi ekipleri kendi kategorilerinde, No-Code/Low-Code ekipleri ise kendi kategorilerinde yarışacaktır. 

Ekip içindeki görev dağılımı, çalışma düzeni ve zaman yönetimi **tamamen sizlerin sorumluluğundadır** . Bu süreci planlarken takım arkadaşlarınızın eğitim, iş ve kişisel sorumlulukları olabileceğini göz önünde bulundurmanız önemlidir. <eos>

**6 haftalık Bootcamp** boyunca her ekip üyesinin, proje hedefleri ile kendi günlük sorumlulukları arasında sağlıklı bir denge kurması beklenmektedir. Başarılı ekipler; yalnızca çok çalışan değil, zamanı doğru yöneten, birbirlerinin koşullarını anlayan ve gerektiğinde esneklik gösterebilen ekiplerdir. **Etkili iletişim, karşılıklı anlayış ve ortak sorumluluk bilinciyle** hem bireysel yükünüzü dengeleyebilir hem de takım olarak güçlü sonuçlar ortaya çıkarabilirsiniz. 

Takımlar açıklandıktan sonra, takım değişikliği talepleri için sınırlı süreli bir başvuru dönemi açılacaktır. 19 Haziran **Cuma günü saat 20.00** sonrasında Slack üzerinden paylaşılacak takım değişikliği formu, **19 Haziran - 21 Haziran arasında** erişime açık olacaktır. Takım değişikliği talebinde bulunmak isteyen bursiyerlerin, form üzerinde taleplerinin gerekçesini açık ve detaylı bir şekilde belirtmeleri beklenmektedir. 

Başvurular,  ekip tarafından belirlenen kriterler doğrultusunda değerlendirilecektir. **Takım üyelerinden 3 veya daha fazla kişiye ulaşılamaması** ya da **özel bir durumunuzun olması halinde** takım değişikliği değerlendirmesinde dikkate alınabilecek başlıca kriterlerdir. Tüm taleplerin incelenmesinin ardından uygun bulunan başvurular için yeni takım eşleştirmeleri mümkün olan en kısa sürede gerçekleştirilecektir. Tüm talepler form üzerinde iletilmelidir. 

Bu sürecin tek seferlik bir fırsat olduğunu hatırlatmak isteriz. Takım değişikliği talebinizin kabul edilmesi ve yeni bir takıma yerleştirilmeniz durumunda, yeniden takım değişikliği yapma veya önceki takımınıza geri dönme hakkınız bulunmamaktadır. Bu nedenle başvurunuzu yapmadan önce mevcut durumunuzu dikkatlice değerlendirmeniz önemlidir. 

Bu etkinlikte belirli **bir tema kısıtlaması bulunmamaktadır.** Katılımcılar farklı sektörlerdeki problemlere yönelik özgün proje fikirleri geliştirebilirler. Ancak her projede yer alması gereken bazı temel özellikler, teknolojiler ve uygulanması beklenen yöntemler bulunmaktadır ve **projelerin bu çerçeve doğrultusunda şekillendirilmesi gerekmektedir.** "
split_then_merge_600,37,YZTA Bootcamp 2026 (2).pdf,2,Giris,600,2030,"unuzu yapmadan önce mevcut durumunuzu dikkatlice değerlendirmeniz önemlidir. 

Bu etkinlikte belirli **bir tema kısıtlaması bulunmamaktadır.** Katılımcılar farklı sektörlerdeki problemlere yönelik özgün proje fikirleri geliştirebilirler. Ancak her projede yer alması gereken bazı temel özellikler, teknolojiler ve uygulanması beklenen yöntemler bulunmaktadır ve **projelerin bu çerçeve doğrultusunda şekillendirilmesi gerekmektedir.** <eos>

Bu süreçte önemli olan, fikir üretim aşamasında çok uzun süre takılı kalmadan hızlıca bir yön belirlemek ve ilerlemeye başlamaktır. Farklı fikirleri değerlendirmek doğal olmakla birlikte, süreci geciktirecek şekilde fikir arayışında kaybolmamanız önemlidir. Bu nedenle sizden beklentimiz, geliştirmeyi düşündüğünüz proje fikrini 21 Haziran Pazar akşamına kadar kısaca bizimle paylaşmanızdır. 

Ayrıca her ekipten bir iletişim sorumlusu **(Scrum Master)** ve bir yedek iletişim sorumlusu **(Product Owner)** belirlenmesi gerekmektedir. Bu kişilerin iletişim bilgileri form üzerinden alınacak olup, süreç boyunca oluşabilecek durumlarda akademi ekibi ve asistanlar tarafından bu kişilerle doğrudan iletişime geçilecektir. 

<!-- Start of picture text -->
Bootcamp Takvimi<br>Takımların Açıklanması 2.Sprint Son Sprint<br>12 Haziran 2026 6 Temmuz 2026 20 Temmuz 2026<br>19 Temmuz 2026 02 Ağustos 2026<br>Değerlendirme Süreci<br>İlk Sprint Soru Cevap<br>Top 10 Sunum<br>19 Haziran 2026 6 Temmuz 2026 20.00<br>14 Ağustos<br>5 Temmuz 2026 20 Temmuz 2026 20.00<br><!-- End of picture text -->

Ekip Bilgileri Formu !!!Doldurulacak!!! _Ekibinizin iletişim sorumlusu ve benzeri bilgileri bizlere ilettiğiniz form https://forms.gle/CrMgeK8Ucd8mEmsE9_ 

Takım Değiştirme Formu _Bulunduğunuz ekibi değiştirmek için talep açma formu https://forms.gle/KCmRmfQ3PDV2KBhC6_ 

**Ekipleriniz 5’er kişi** olacak şekilde rastgele oluşturulacak ve her ekipte Product Owner, Scrum Master ve 3 Developer rolü yer alacaktır. Scrum rollerinin ekip içinde kimlere ait olacağına takım olarak siz karar vereceksiniz. "
split_then_merge_600,37,YZTA Bootcamp 2026 (2).pdf,3,Giris,583,2401,"ğiştirme Formu _Bulunduğunuz ekibi değiştirmek için talep açma formu https://forms.gle/KCmRmfQ3PDV2KBhC6_ 

**Ekipleriniz 5’er kişi** olacak şekilde rastgele oluşturulacak ve her ekipte Product Owner, Scrum Master ve 3 Developer rolü yer alacaktır. Scrum rollerinin ekip içinde kimlere ait olacağına takım olarak siz karar vereceksiniz. <eos>

**Bootcamp süreci 3 sprint** üzerinden ilerleyecek ve finalde ürün teslimi Scrum Master tarafından Ürün Teslim Formu üzerinden yapılacaktır. Scrum Master aynı zamanda ekip içi iletişimden de sorumlu olacaktır. 

Product Owner ve Scrum Master’ların yalnızca süreç yönetimi değil, aktif olarak geliştirme sürecine dahil olması beklenmektedir. Ekip içinde iş dağılımı, kimin ne geliştireceği ve hangi alanlara odaklanılacağı tamamen takımın ortak kararıdır; bu yapıda bir lider bulunmamaktadır ve **tüm ekip eşit sorumlulukla ilerler.** 

Süreç boyunca zaman yönetimi, görev paylaşımı, ekip içi koordinasyon, sağlıklı iletişim tamamen ekiplerin kendi sorumluluğundadır. Unutmayın ki ekiplerinizde herkesin aynı konu üzerinde bilgi seviyesi aynı olmayacaktır. Farklılarından beslenmeniz ve akran öğrenimi Akademi’nin tüm süreçlerinde olduğu gibi burada da en kritik kazanımdır. Gerçek iş hayatında olduğu gibi, oluşabilecek aksaklıkların ekip içinde çözülmesi beklenir. Takımlar oluşturulurken hackathon katılım durumu, cinsiyet ve cohort dengesi gibi kriterler göz önünde bulundurulur. Takımlar 5’er kişilik ve

rastgele şekilde atanır; yalnızca **1 kez takım değişikliği hakkı** bulunur ve bu değişiklik de yine rastgele gerçekleştirilir.Scrum rolleri ve sürece dair detaylı bilgiler ilerleyen materyallerde paylaşılacaktır. Takımınızda Bootcamp’e katılmayan kişiler varsa akademi ekibine bildirebilir ve takımda kalan kişilerle bootcamp’e devam edebilirsiniz.

Product Owner’lar ve Scrum Master’ların da yazılım sürecine dahil olmaları beklenmektedir. Scrum Master aynı zamanda iletişim sorumlusu olarak hareket edecektir. Kimin ne ölçüde kod yazacağı, hangi kodları yazacağı, hangi alanla ilgileneceği tamamen **<u>takımınızın kendi ve ortak kararı olacaktır.</u>** Grubun bir lideri yoktur, ekip olarak kendi Scrum rollerinize göre kendi projenizi ilerletmelisiniz. Grup içerisinde çıkabilecek zaman sıkışıklıkları, takvim yönetimi, yetenek farklılıkları aynı iş hayatında olduğu gibi **<u>grup içerisinde ekstra bir yardım beklenmeden

çözülmelidir.</u>**"
split_then_merge_600,37,YZTA Bootcamp 2026 (2).pdf,4,Giris,511,1900,"acağı, hangi kodları yazacağı, hangi alanla ilgileneceği tamamen **<u>takımınızın kendi ve ortak kararı olacaktır.</u>** Grubun bir lideri yoktur, ekip olarak kendi Scrum rollerinize göre kendi projenizi ilerletmelisiniz. Grup içerisinde çıkabilecek zaman sıkışıklıkları, takvim yönetimi, yetenek farklılıkları aynı iş hayatında olduğu gibi **<u>grup içerisinde ekstra bir yardım beklenmeden

çözülmelidir.</u>**<eos>

<!-- Start of picture text -->
Vizyon<br>Vizyon & Stratejiyi net bir şekilde iletir<br>Release hedeflerini takip eder<br>Ürün<br>Product Backlog yönetimi<br>User stories<br>Önceliklendirme ve yönlendirme<br>Geri bildirimler<br>İş Birliği<br>Stakeholder’lar ile görüşme<br>Takımla görüşme<br><!-- End of picture text -->

<!-- Start of picture text -->
Rollere Karar Vermek<br>Takım<br>En iyi iş birliği yöntemleri<br>Gerçekçi hedefler, tahminler<br>Organizasyon<br>Rol çatışmalarını yönetmek<br>Süreç<br>Scrum event’lerini yönetmek<br><!-- End of picture text -->

<!-- Start of picture text -->
DEVELOPMENT TEAM<br><!-- End of picture text -->

Her sprint koyulan hedeflere ulaşmak, bir blocker varsa hemen takımı bilgilendirmek 

Developer, Product Owner’ın belirlediği yapılması gereken işleri anlamak 


Ürünü geliştirmek 

Tüm scrum event'lerine katılmak 


Sprint backlog’taki user story’leri tahmin etmek 

User Storyleri anlamak ,User Storyleri tahmin etmek, User Storyleri yaratmadaki bilgileri Product Owner’a vermek Teknik olarak, Programmer, UI/UX Designer development takımını oluşturabilir. 


Developerlar iyi bir takım oyuncusu olmalı, aynı zamanda da kendi başına organize çalışabilir olmalılar 


Cross Functional (Çapraz Fonksiyonlu) olmalılar, yani  Sprint hedefini gerçekleştirebilmek ve elindeki girdileri bir ürüne dönüştürmek için ihtiyaç duyacağı tüm yetkinliklere sahip olması demektir. 

Developer takımı, her sprint belirlenen hedefi başarmayı amaçlar. "
split_then_merge_600,37,YZTA Bootcamp 2026 (2).pdf,5,Giris,582,2131," development takımını oluşturabilir. 


Developerlar iyi bir takım oyuncusu olmalı, aynı zamanda da kendi başına organize çalışabilir olmalılar 


Cross Functional (Çapraz Fonksiyonlu) olmalılar, yani  Sprint hedefini gerçekleştirebilmek ve elindeki girdileri bir ürüne dönüştürmek için ihtiyaç duyacağı tüm yetkinliklere sahip olması demektir. 

Developer takımı, her sprint belirlenen hedefi başarmayı amaçlar. <eos>

Ortaya çıkarılacak ürüne tamamen takım olarak siz karar vereceksiniz. Ürün tasarlanırken verilen brief ve beklentileri göz önünde bulundurmalısınız. Ürün tamamen ekibiniz tarafından sıfırdan geliştirilmeli ve her adımı GitHub’da açılacak repository içerisinde belgelemelisiniz. **Hazır bir proje kullanmak, satın alma yapmak, dışarıdan destek almak** **<u>diskalifiye sebebi olacaktır.</u>** 

Takım İsmi Takım Rolleri Ürün İsmi Ürün Açıklaması Ürün Özellikleri Hedef Kitle Product Backlog 

Sprint, hızlı koşmak anlamına gelse de Scrum bağlamında Türkçe’ye döngü olarak çevrilebilir. Akademi mezuniyet bootcampi içerisinde 2’şer haftalık olmak üzere toplam 3 sprint vardır. Sprint, Önceden belirlenmiş ve değişmeyen bir süredir. Sprint, işlerin iyi gitmeme riskini düşürmek ve yönetmek için kullanılır. Bir Sprint bittiğinde yeni bir Sprint başlar. Arada boşluk yoktur. Her Sprint bir Sprint Planning etkinliğiyle başlar ve Sprint Retrospective etkinliğiyle biter. 

Her Sprint, Scrum Takımı için bir deneydir. Bir önceki Sprint gözlemlenerek bir sonraki Sprint için adaptasyonlar belirlenir. 

**Scrum hakkında daha fazla bilgi için Proje Yönetimi 5. Kursu inceleyebilir/tamamlayabilirsiniz.** 

<!-- Start of picture text -->
Backlog Dağıtma Mantığı<br>Daily Scrum Notları<br>Sprint Board Updates<br>Ürün Durumu<br>Sprint Review<br>Sprint Retrospective<br><!-- End of picture text -->

<u>https://github.com/YapayZekaveTeknolojiAkademisi/BootcampScrumTemplate/tree/main</u> - - - <u>https://github.com/kevsoOther/U 21 Cherry Chasers/tree/main https://github.com/olgnbrn/planova https://github.com/IbrmSerhat/GhostOfAnnaScrumExample</u> - - - <u>https://github.com/burakcevheroglu/OUA

zaten Bootcamp 2023</u>"
split_then_merge_600,37,YZTA Bootcamp 2026 (2).pdf,6,Giris,534,1739,"ademisi/BootcampScrumTemplate/tree/main</u> - - - <u>https://github.com/kevsoOther/U 21 Cherry Chasers/tree/main https://github.com/olgnbrn/planova https://github.com/IbrmSerhat/GhostOfAnnaScrumExample</u> - - - <u>https://github.com/burakcevheroglu/OUA

zaten Bootcamp 2023</u><eos>

Slack üzerinden proje yönetimine dair sorularınızı **#bootcamp-2026** kanalından iletebilirsiniz. Sorularınıza **48 saat** içinde geri dönüş alacaksınız. 

Bootcamp sürecinde sizlere proje yönetimi konularında Academy Club ekibinden **12 kolaylaştırıcı/eğitim asistanı** eşlik edecek. Her takımın atanan 1 eğitim asistanı olacak. Takımlarınızın asistanları ile tanıştırılacaksınız. 

Proje yönetimi asistanları sizlere GitHub, Scrum , Agile, proje ve ürün yönetimi gibi konularda destek olacak. Asistanlar ile önden duyurulacak ofis saatlerinde çevrimiçi buluşabileceksiniz. 

Asistanlar teknik konularda takımlara özel destek sunmayacak. 

Ürün teslimi **2 Ağustos Pazar 23.59** ’a kadar form üzerinden yapılacak. Her takım için GitHub reposu açılmalı ve public olmalı. Her sprintte ilerleme ve kanıtlar GitHub’a eklenmeli; proje yönetimi değerlendirilecek. Bootcamp sonunda GitHub kayıtları tamamlanmalı. Ürün canlıya alınabiliyorsa link paylaşılabilir (opsiyonel). Son teslimde: 

3 dakikalık proje videosu **YouTube** ’a yüklenmeli. Formda istenen sorular eksiksiz doldurulmalı. Tüm teslimler 2 Ağustos 23.59’a kadar tamamlanmalı. 

|||**Ekstra Puanlar (Academy Club Ekibi**<br>**tarafından doldurulacak)**|**Max Puan**| |---|---|---|---| |**AI (Jüri tarafından puanlanacak)**<br>Yarışmaya hazır, çalışan proje|**Max Puan**<br>10|Yapay Zeka Modeli seçimi, kullanımı,<br>geliştirmesi|20| |Özgünlük|10|AI Agent’ların kullanımı, hafıza,<br>orkestrasyon
"
split_then_merge_600,37,YZTA Bootcamp 2026 (2).pdf,7,Giris,565,1721,"ından doldurulacak)**|**Max Puan**| |---|---|---|---| |**AI (Jüri tarafından puanlanacak)**<br>Yarışmaya hazır, çalışan proje|**Max Puan**<br>10|Yapay Zeka Modeli seçimi, kullanımı,<br>geliştirmesi|20| |Özgünlük|10|AI Agent’ların kullanımı, hafıza,<br>orkestrasyon
<eos>

teknik yönetimlerinin<br>düzgün yapılmış olması|15| |Ürün tamamlanma puanı|10|Kod içerisinde mimari yapı<br>kullanımları, temiz kod prensipleri|15| |Pazara uygun, talep görebilecek<br>|10|mevcut|| |uygulama||Ürün canlıya alınmış veya canlıya|| |||alınabilecek şekilde geliştirilme<br>yapılmış|10|

**Yukarıdaki tablolar, ürünlerinizi ve sunumlarınızı hangi ölçütlere göre hazırlamanız gerektiğini göstermektedir. Bu etkinlikte zorunlu bir proje kıstası bulunmamaktadır; ancak sağ tarafta yer alan tabloda belirtilen özelliklere ürünlerinizde yer vermeniz, sizlere ek puan kazandıracaktır. Dikkat edilmesi gereken nokta, bu özelliklerin yalnızca eklenmiş olmak için eklendiğinin tespit edilmesi durumunda puan verilmeyeceğidir. Bu sebeple eklediğiniz özellikleri amaca uygun yerlerde kullanımını ve tüm puanları almak için amaç dışına çıkmamanızı öneririz.** 

<!-- Start of picture text -->
AI (Jüri tarafından puanlanacak) Max Puan<br>İhtiyaç ve Çözüm Eşleşmesi 20<br>Kullanıcı Değeri ve Deneyimi 10<br>Pazar Potansiyeli 10<br>Fonksiyonel Yeterlilik 15<br>Ürün bütünlüğü 10<br>Yapay zeka öğeleri 35<br><!-- End of picture text -->

|**AI (Jüri tarafından puanlanacak)**|**Max Puan**|**Ekstra Puanlar (Academy Club Ekibi**<br>**tarafından doldurulacak)**|**Max Puan**| |---|---|---|---| |Yarışmaya hazır, çalışan proje|10|Geliştirme platformu ve teknolojilerin|10| |Özgünlük|10|seçimi, uygunluğu|| |Ürün tamamlanma puanı|10|Ürün, tüketici ihtiyacına"
split_then_merge_600,37,YZTA Bootcamp 2026 (2).pdf,8,Giris,450,1405,"uan**|**Ekstra Puanlar (Academy Club Ekibi**<br>**tarafından doldurulacak)**|**Max Puan**| |---|---|---|---| |Yarışmaya hazır, çalışan proje|10|Geliştirme platformu ve teknolojilerin|10| |Özgünlük|10|seçimi, uygunluğu|| |Ürün tamamlanma puanı|10|Ürün, tüketici ihtiyacına<eos>

uygun<br>formatta geliştirilmiş|10| |Kullanma isteği|10|Teknoloji seçimlerinde maliyet|10| |Pazara uygun, talep görebilecek|10|sürdürülebilirliği göz önüne alınmış|| |uygulama||Ürün canlıya alınmış veya canlıya|| |Ürün bütünlüğü|10|<br>alınabilecek şekilde geliştirilme<br>yapılmış|10|

<!-- Start of picture text -->
AI (Jüri tarafından puanlanacak) Max Puan<br>İhtiyaç ve Çözüm Eşleşmesi 20<br>Kullanıcı Değeri ve Deneyimi 10<br>Pazar Potansiyeli 10<br>Fonksiyonel Yeterlilik 15<br>Ürün bütünlüğü 10<br>Yapay zeka öğeleri 35<br><!-- End of picture text -->

Bootcamp süresince yapılan proje yönetimi ve ortaya çıkan ürün ayrı şekilde değerlendirilecektir. Sprint review’lar sonrasında beklenen dökümanlar GitHub’a konulduğunda bootcamp takımı tarafından puanlanacaktır. 3 sprint sonrasında aldığınız puanlar proje yönetim puanınızı ortaya çıkaracaktır. Projeler ve proje sunum videonuz son sprint’in bittiği hafta sizlere iletilecek takım dosyalarına yüklenecektir. Ürününüz ön jüri tarafından puanlanacaktır. İlk 10’a girecek takımlar ürün puanı ve proje yönetimi puanının birlikte değerlendirilmesine göre belirlenecektir. "
